-- phpMyAdmin SQL Dump
-- version 4.6.6deb5
-- https://www.phpmyadmin.net/
--
-- Host: localhost:3306
-- Erstellungszeit: 30. Okt 2019 um 20:28
-- Server-Version: 10.1.41-MariaDB-0ubuntu0.18.04.1
-- PHP-Version: 7.2.24-0ubuntu0.18.04.1

SET time_zone = "+00:00";
--
-- Datenbank: `c1songbase`
--

-- --------------------------------------------------------

--
-- Tabellenstruktur für Tabelle `access_relations`
--

CREATE TABLE `access_relations` (
  `id` int(11) NOT NULL,
  `invitation_status` text NOT NULL,
  `invitation_from_id` int(11) NOT NULL,
  `receiver_id` int(11) NOT NULL,
  `receiver_email` text NOT NULL,
  `invitation_to_group_id` int(11) NOT NULL,
  `invitation_date` datetime NOT NULL,
  `canc_by_id` int(11) NOT NULL,
  `updated` timestamp NOT NULL DEFAULT '0000-00-00 00:00:00' ON UPDATE CURRENT_TIMESTAMP
) ENGINE=MyISAM DEFAULT CHARSET=utf8;

--
-- Daten für Tabelle `access_relations`
--

INSERT INTO `access_relations` (`id`, `invitation_status`, `invitation_from_id`, `receiver_id`, `receiver_email`, `invitation_to_group_id`, `invitation_date`, `canc_by_id`, `updated`) VALUES
(115, 'A', 15, 7, '', 0, '2019-04-13 09:25:17', 0, '0000-00-00 00:00:00'),
(116, 'A', 15, 7, '', 0, '2019-04-13 09:26:12', 0, '0000-00-00 00:00:00'),
(117, 'A', 15, 2, '', 0, '2019-04-13 09:27:35', 0, '0000-00-00 00:00:00'),
(118, 'A', 2, 11, '', 0, '2019-04-13 09:28:12', 0, '0000-00-00 00:00:00'),
(119, 'A', 15, 7, '', 0, '2019-04-14 11:28:31', 0, '0000-00-00 00:00:00'),
(120, 'A', 15, 12, '', 0, '2019-04-14 11:31:35', 0, '0000-00-00 00:00:00'),
(121, 'A', 15, 7, '', 0, '2019-04-15 12:33:53', 0, '0000-00-00 00:00:00'),
(122, 'A', 15, 7, '', 0, '2019-04-15 12:41:37', 0, '0000-00-00 00:00:00'),
(123, 'A', 15, 7, '', 0, '2019-04-18 09:57:25', 0, '0000-00-00 00:00:00'),
(124, 'A', 15, 18, '', 0, '2019-04-19 06:03:08', 0, '0000-00-00 00:00:00'),
(125, 'A', 15, 19, '', 0, '2019-04-19 06:03:22', 0, '0000-00-00 00:00:00'),
(126, 'A', 15, 20, '', 0, '2019-04-19 06:03:33', 0, '0000-00-00 00:00:00'),
(127, 'A', 2, 11, '', 0, '2019-04-20 04:01:28', 0, '0000-00-00 00:00:00'),
(144, 'A', 2, 25, '', 0, '2019-04-21 03:48:37', 0, '0000-00-00 00:00:00'),
(145, 'A', 2, 12, '', 0, '2019-04-21 03:48:58', 0, '0000-00-00 00:00:00'),
(148, 'A', 2, 15, '', 0, '2019-04-22 09:31:33', 0, '0000-00-00 00:00:00'),
(147, 'A', 2, 26, '', 0, '2019-04-22 09:28:49', 0, '0000-00-00 00:00:00'),
(149, 'A', 2, 18, '', 0, '2019-04-22 09:31:46', 0, '0000-00-00 00:00:00'),
(150, 'A', 2, 12, '', 0, '2019-04-22 09:32:01', 0, '0000-00-00 00:00:00'),
(151, 'A', 18, 16, '', 0, '2019-04-23 12:56:41', 0, '0000-00-00 00:00:00'),
(152, 'A', 18, 27, '', 0, '2019-04-23 01:02:25', 0, '0000-00-00 00:00:00'),
(153, 'A', 18, 19, '', 0, '2019-04-23 01:02:46', 0, '0000-00-00 00:00:00'),
(154, 'A', 18, 20, '', 0, '2019-04-23 01:03:28', 0, '0000-00-00 00:00:00'),
(155, 'A', 18, 7, '', 0, '2019-04-23 01:04:01', 0, '0000-00-00 00:00:00'),
(156, 'A', 25, 28, '', 0, '2019-04-23 03:29:42', 0, '0000-00-00 00:00:00'),
(139, 'A', 2, 23, '', 0, '2019-04-20 05:52:12', 0, '0000-00-00 00:00:00'),
(141, 'A', 2, 25, 'sarah.gmelin@gmx.de', 8, '2019-04-20 06:07:46', 0, '2019-04-20 16:08:43'),
(142, 'A', 2, 12, '', 0, '2019-04-21 02:45:03', 0, '0000-00-00 00:00:00'),
(143, 'A', 2, 11, '', 0, '2019-04-21 03:48:29', 0, '0000-00-00 00:00:00'),
(157, 'A', 25, 30, '', 0, '2019-04-23 04:32:13', 0, '0000-00-00 00:00:00'),
(158, 'A', 25, 7, '', 0, '2019-04-23 04:33:20', 0, '0000-00-00 00:00:00'),
(159, 'A', 25, 16, '', 0, '2019-04-23 04:33:50', 0, '0000-00-00 00:00:00'),
(160, 'A', 7, 31, 'n.gmelin12@gmx.de', 15, '2019-04-25 02:04:13', 0, '2019-04-25 12:06:32'),
(161, 'A', 7, 25, '', 0, '2019-04-27 09:46:23', 0, '0000-00-00 00:00:00'),
(162, 'A', 7, 32, '', 0, '2019-04-27 09:46:50', 0, '0000-00-00 00:00:00'),
(163, 'A', 2, 7, '', 0, '2019-05-14 02:18:05', 0, '0000-00-00 00:00:00'),
(164, 'A', 2, 7, '', 0, '2019-05-14 02:38:56', 0, '0000-00-00 00:00:00'),
(165, 'A', 2, 7, '', 0, '2019-05-14 02:39:51', 0, '0000-00-00 00:00:00'),
(166, 'A', 2, 7, '', 0, '2019-05-14 02:42:36', 0, '0000-00-00 00:00:00'),
(167, 'A', 2, 25, '', 0, '2019-05-14 03:01:52', 0, '0000-00-00 00:00:00'),
(168, 'A', 2, 25, '', 0, '2019-05-17 07:03:41', 0, '0000-00-00 00:00:00'),
(169, 'A', 2, 12, '', 0, '2019-05-17 07:35:36', 0, '0000-00-00 00:00:00'),
(183, 'A', 2, 60, 's.gmelin@vidawell.de', 28, '2019-07-09 05:58:53', 2, '2019-07-09 16:14:37'),
(184, 'A', 2, 25, '', 0, '2019-07-09 06:12:10', 0, '0000-00-00 00:00:00'),
(185, 'A', 2, 25, '', 0, '2019-07-09 06:12:10', 0, '0000-00-00 00:00:00'),
(186, 'A', 2, 60, 's.gmelin@vidawell.de', 28, '2019-07-09 06:12:39', 0, '2019-07-09 16:14:37'),
(187, 'C', 2, 0, 'a.gmelin@vidawell.de', 28, '2019-07-09 06:13:06', 2, '2019-07-10 15:15:08'),
(188, 'A', 25, 34, '', 0, '2019-08-02 02:02:45', 0, '0000-00-00 00:00:00'),
(189, 'A', 25, 70, '', 0, '2019-09-19 08:25:23', 0, '0000-00-00 00:00:00'),
(190, 'A', 25, 7, '', 0, '2019-09-19 08:26:03', 0, '0000-00-00 00:00:00'),
(191, 'A', 44, 25, '', 0, '2019-09-28 09:19:26', 0, '0000-00-00 00:00:00'),
(192, 'A', 7, 87, '', 0, '2019-10-03 07:48:48', 0, '0000-00-00 00:00:00'),
(193, 'P', 91, 0, 'Gilbert_yt@yahoo.com', 39, '2019-10-30 03:16:04', 0, '0000-00-00 00:00:00');

-- --------------------------------------------------------

--
-- Tabellenstruktur für Tabelle `groups`
--

CREATE TABLE `groups` (
  `id` int(11) NOT NULL,
  `group_name` text NOT NULL,
  `created_by_user_id` int(11) NOT NULL,
  `created` timestamp NOT NULL DEFAULT '0000-00-00 00:00:00',
  `updated` timestamp NOT NULL DEFAULT CURRENT_TIMESTAMP ON UPDATE CURRENT_TIMESTAMP
) ENGINE=InnoDB DEFAULT CHARSET=utf8mb4;

--
-- Daten für Tabelle `groups`
--

INSERT INTO `groups` (`id`, `group_name`, `created_by_user_id`, `created`, `updated`) VALUES
(7, 'Songaband', 15, '2019-04-13 06:21:29', '2019-04-19 16:03:53'),
(10, 'You and I', 15, '2019-04-18 07:57:07', '2019-04-18 19:57:07'),
(12, 'Big Band', 2, '2019-04-21 01:48:22', '2019-04-21 13:48:22'),
(14, 'Family', 25, '2019-04-23 01:29:15', '2019-04-23 13:29:15'),
(15, 'Gmelin Family', 7, '2019-04-25 00:03:50', '2019-04-25 12:03:50'),
(16, 'SAK', 7, '2019-04-27 07:46:05', '2019-04-27 19:46:05'),
(17, 'Just you and I', 2, '2019-05-17 05:35:11', '2019-05-17 17:35:11'),
(19, 'Rome 56', 46, '2019-06-07 00:39:00', '2019-06-07 12:39:00'),
(20, 'Hv', 51, '2019-06-22 01:06:24', '2019-06-22 13:06:24'),
(21, 'Hv', 51, '2019-06-22 01:06:24', '2019-06-22 13:06:24'),
(22, 'Filip', 52, '2019-06-24 05:06:34', '2019-06-24 17:06:34'),
(23, 'Jxkxkdd', 29, '2019-06-29 02:48:27', '2019-06-29 14:48:27'),
(24, 'testgroup', 2, '2019-07-09 01:02:58', '2019-07-09 13:02:58'),
(25, 'New Testgroup', 2, '2019-07-09 02:56:52', '2019-07-09 14:56:52'),
(26, 'New Testgroup', 2, '2019-07-09 03:01:24', '2019-07-09 15:01:24'),
(27, 'New Testgroup', 2, '2019-07-09 03:05:00', '2019-07-09 15:05:00'),
(29, 'Ati & Sarah', 25, '2019-08-02 00:01:55', '2019-08-02 12:01:55'),
(30, 'Adoray', 70, '2019-08-05 04:54:52', '2019-08-05 04:54:52'),
(31, 'Bar/Restaurant ', 76, '2019-08-28 01:15:38', '2019-08-28 01:15:38'),
(33, 'New SonganizeShip', 25, '2019-09-19 06:25:23', '2019-09-19 18:25:23'),
(34, 'Slavica Momakovic', 84, '2019-09-22 03:52:27', '2019-09-22 03:52:27'),
(36, 'Nomint', 70, '2019-09-27 05:57:32', '2019-09-27 05:57:32'),
(37, 'Flo and Sarah', 44, '2019-09-28 07:18:56', '2019-09-28 19:18:56'),
(38, 'The Remedy', 89, '2019-10-13 02:07:24', '2019-10-13 02:07:24'),
(39, 'Master Live Event ', 91, '2019-10-30 02:13:08', '2019-10-30 02:13:08');

-- --------------------------------------------------------

--
-- Tabellenstruktur für Tabelle `groups_users`
--

CREATE TABLE `groups_users` (
  `id` int(11) NOT NULL,
  `group_id` int(11) NOT NULL,
  `user_id` int(11) NOT NULL,
  `added_by_user_id` int(11) NOT NULL,
  `updated` timestamp NOT NULL DEFAULT CURRENT_TIMESTAMP
) ENGINE=InnoDB DEFAULT CHARSET=utf8mb4;

--
-- Daten für Tabelle `groups_users`
--

INSERT INTO `groups_users` (`id`, `group_id`, `user_id`, `added_by_user_id`, `updated`) VALUES
(4, 7, 15, 15, '2019-04-13 18:21:29'),
(10, 7, 11, 2, '2019-04-13 19:28:12'),
(12, 7, 12, 15, '2019-04-14 21:31:35'),
(16, 10, 15, 15, '2019-04-18 19:57:07'),
(18, 7, 18, 15, '2019-04-19 16:03:08'),
(19, 7, 19, 15, '2019-04-19 16:03:22'),
(20, 10, 20, 15, '2019-04-19 16:03:33'),
(26, 12, 2, 2, '2019-04-21 13:48:22'),
(27, 12, 11, 2, '2019-04-21 13:48:30'),
(32, 12, 15, 2, '2019-04-22 19:31:33'),
(33, 12, 18, 2, '2019-04-22 19:31:46'),
(34, 12, 12, 2, '2019-04-22 19:32:01'),
(36, 12, 27, 18, '2019-04-22 23:02:25'),
(37, 12, 19, 18, '2019-04-22 23:02:46'),
(40, 14, 25, 25, '2019-04-23 13:29:15'),
(41, 14, 28, 25, '2019-04-23 13:29:42'),
(42, 14, 30, 25, '2019-04-23 14:32:13'),
(43, 14, 7, 25, '2019-04-23 14:33:20'),
(44, 14, 16, 25, '2019-04-23 14:33:50'),
(45, 15, 7, 7, '2019-04-25 12:03:50'),
(46, 15, 31, 7, '2019-04-25 12:06:32'),
(47, 16, 7, 7, '2019-04-27 19:46:05'),
(48, 16, 25, 7, '2019-04-27 19:46:23'),
(49, 16, 32, 7, '2019-04-27 19:46:50'),
(56, 17, 2, 2, '2019-05-17 17:35:11'),
(57, 17, 12, 2, '2019-05-17 17:35:36'),
(59, 19, 46, 46, '2019-06-07 12:39:00'),
(60, 20, 51, 51, '2019-06-22 13:06:24'),
(61, 21, 51, 51, '2019-06-22 13:06:24'),
(62, 22, 52, 52, '2019-06-24 17:06:34'),
(63, 23, 29, 29, '2019-06-29 14:48:27'),
(65, 7, 27, 18, '2019-07-05 17:27:58'),
(74, 29, 25, 25, '2019-08-02 12:01:55'),
(75, 29, 34, 25, '2019-08-02 12:02:45'),
(76, 30, 70, 70, '2019-08-05 04:54:52'),
(77, 31, 76, 76, '2019-08-28 01:15:38'),
(79, 33, 25, 25, '2019-09-19 18:25:23'),
(80, 33, 70, 25, '2019-09-19 18:25:23'),
(81, 33, 7, 25, '2019-09-19 18:26:03'),
(82, 34, 84, 84, '2019-09-22 03:52:27'),
(84, 36, 70, 70, '2019-09-27 05:57:32'),
(85, 37, 44, 44, '2019-09-28 19:18:56'),
(86, 37, 25, 44, '2019-09-28 19:19:26'),
(87, 15, 87, 7, '2019-10-03 17:48:48'),
(88, 38, 89, 89, '2019-10-13 02:07:24'),
(89, 39, 91, 91, '2019-10-30 02:13:08');

-- --------------------------------------------------------

--
-- Tabellenstruktur für Tabelle `social_share`
--

CREATE TABLE `social_share` (
  `id` int(11) NOT NULL,
  `ip` text NOT NULL,
  `user_id` int(11) NOT NULL,
  `social` text NOT NULL,
  `postal_code` text NOT NULL,
  `city` text NOT NULL,
  `country` text NOT NULL,
  `timestamp` timestamp NOT NULL DEFAULT CURRENT_TIMESTAMP
) ENGINE=InnoDB DEFAULT CHARSET=utf8mb4;

--
-- Daten für Tabelle `social_share`
--

INSERT INTO `social_share` (`id`, `ip`, `user_id`, `social`, `postal_code`, `city`, `country`, `timestamp`) VALUES
(1, '', 0, 'facebook', '63225', 'Langen', 'Germany', '2019-06-28 22:00:00'),
(2, '2a02:2454:82e2:e500:74bc:cdbe:e528:f87a', 0, 'pinterest', '69242', 'Muhlhausen', 'Germany', '2019-07-02 10:59:51'),
(3, '2a02:2454:82e2:e500:74bc:cdbe:e528:f87a', 0, 'facebook', '69242', 'Muhlhausen', 'Germany', '2019-07-02 11:03:05'),
(4, '2a02:2454:82e2:e500:74bc:cdbe:e528:f87a', 0, 'twitter', '69242', 'Muhlhausen', 'Germany', '2019-07-02 11:03:19'),
(6, '2a02:2454:82e2:e500:74bc:cdbe:e528:f87a', 0, 'pinterest', '69242', 'Muhlhausen', 'Germany', '2019-07-02 11:53:18'),
(7, '165.225.72.105', 0, 'pinterest', '', 'Frankfurt am Main', 'Germany', '2019-07-02 12:52:44'),
(8, '2a02:2454:82e2:e500:74bc:cdbe:e528:f87a', 0, 'twitter', '69242', 'Muhlhausen', 'Germany', '2019-07-02 12:59:26'),
(9, '2a02:8071:aa7:1300:70d0:39a8:3d41:aa4f', 0, 'twitter', '68723', 'Schwetzingen', 'Germany', '2019-07-03 08:37:05'),
(10, '2003:c3:f714:600:213c:d996:174d:99db', 0, 'facebook', '64625', 'Bensheim', 'Germany', '2019-07-03 21:31:24'),
(11, '2a02:2454:82e2:e500:85bf:3731:3b1d:b13e', 0, 'twitter', '76684', 'Ostringen', 'Germany', '2019-07-18 15:26:17'),
(12, '86.99.245.210', 0, 'facebook', '', 'Ras al-Khaimah', 'United Arab Emirates', '2019-08-03 09:24:41'),
(13, '86.99.245.210', 0, 'facebook', '', 'Ras al-Khaimah', 'United Arab Emirates', '2019-08-03 09:28:56'),
(14, '86.99.245.210', 0, 'facebook', '', 'Ras al-Khaimah', 'United Arab Emirates', '2019-08-03 09:28:57'),
(15, '86.99.245.210', 0, 'facebook', '', 'Ras al-Khaimah', 'United Arab Emirates', '2019-08-03 09:28:58'),
(16, '2a02:120b:2c12:a250:4911:3804:980e:1606', 0, 'facebook', '6020', 'Emmenbruecke', 'Switzerland', '2019-09-27 05:58:42'),
(17, '2a02:120b:2c12:a250:4911:3804:980e:1606', 0, 'twitter', '6020', 'Emmenbruecke', 'Switzerland', '2019-09-27 05:58:46'),
(18, '2a02:120b:2c12:a250:4911:3804:980e:1606', 0, 'pinterest', '6020', 'Emmenbruecke', 'Switzerland', '2019-09-27 05:59:07');

-- --------------------------------------------------------

--
-- Tabellenstruktur für Tabelle `song_groups`
--

CREATE TABLE `song_groups` (
  `id` int(11) NOT NULL,
  `song_id` int(11) NOT NULL,
  `group_id` int(11) NOT NULL,
  `timestamp` timestamp NOT NULL DEFAULT CURRENT_TIMESTAMP
) ENGINE=InnoDB DEFAULT CHARSET=utf8mb4;

--
-- Daten für Tabelle `song_groups`
--

INSERT INTO `song_groups` (`id`, `song_id`, `group_id`, `timestamp`) VALUES
(3, 802, 12, '2019-04-21 14:17:25'),
(5, 793, 12, '2019-04-21 14:25:36'),
(9, 807, 12, '2019-04-22 23:33:06'),
(11, 804, 14, '2019-04-23 13:30:30'),
(12, 810, 15, '2019-04-25 12:09:24'),
(13, 799, 12, '2019-04-27 14:10:26'),
(14, 811, 16, '2019-04-27 19:47:25'),
(15, 814, 16, '2019-04-27 19:53:19'),
(16, 814, 15, '2019-05-15 13:37:13'),
(17, 811, 15, '2019-05-15 13:37:22'),
(20, 844, 17, '2019-05-17 17:36:09'),
(22, 856, 12, '2019-05-20 21:06:40'),
(24, 893, 20, '2019-06-22 13:11:23'),
(25, 893, 21, '2019-06-22 13:12:02'),
(26, 896, 22, '2019-06-24 18:53:37'),
(27, 895, 22, '2019-06-24 18:53:49'),
(28, 897, 22, '2019-06-24 18:58:18'),
(29, 899, 22, '2019-06-24 18:58:25'),
(30, 898, 22, '2019-06-24 18:58:32'),
(32, 906, 12, '2019-07-13 13:59:46'),
(33, 959, 29, '2019-08-02 12:03:00'),
(34, 958, 29, '2019-08-02 12:03:07'),
(35, 960, 29, '2019-08-02 12:10:38'),
(36, 961, 30, '2019-08-05 05:11:05'),
(37, 804, 33, '2019-09-19 18:27:00'),
(38, 814, 33, '2019-09-20 13:17:11'),
(39, 811, 33, '2019-09-20 13:20:30'),
(40, 991, 37, '2019-09-28 19:20:07');

-- --------------------------------------------------------

--
-- Tabellenstruktur für Tabelle `user_app`
--

CREATE TABLE `user_app` (
  `id` int(11) NOT NULL,
  `user_id` int(11) NOT NULL,
  `user_key` varchar(255) NOT NULL,
  `device_info` text NOT NULL,
  `app_public_key` text NOT NULL,
  `timestamp` timestamp NOT NULL DEFAULT CURRENT_TIMESTAMP ON UPDATE CURRENT_TIMESTAMP
) ENGINE=MyISAM DEFAULT CHARSET=utf8;

--
-- Daten für Tabelle `user_app`
--

INSERT INTO `user_app` (`id`, `user_id`, `user_key`, `device_info`, `app_public_key`, `timestamp`) VALUES
(1911, 4, '554933099016513', '', '', '2019-10-11 12:10:29'),
(1912, 2, '123456789', '', '', '2019-10-22 13:05:29'),
(1913, 6, '178823176514215', '', '', '2019-10-11 12:10:29'),
(1914, 7, '025997754988796', '', '', '2019-10-11 12:10:29'),
(1915, 8, '957050682292394', '', '', '2019-10-11 12:10:29'),
(1916, 9, '924039876746190', '', '', '2019-10-11 12:10:29'),
(1917, 10, '448681299998945', '', '', '2019-10-11 12:10:29'),
(1918, 14, '278457125974474', '', '', '2019-10-11 12:10:29'),
(1919, 12, '155053360290839', '', '', '2019-10-11 12:10:29'),
(1920, 11, '403946460441204', '', '', '2019-10-11 12:10:29'),
(1921, 16, '686169021687508', '', '', '2019-10-11 12:10:29'),
(1922, 17, '819067451258925', '', '', '2019-10-11 12:10:29'),
(1923, 18, '013154097240808', '', '', '2019-10-11 12:10:29'),
(1924, 19, '377272239099765', '', '', '2019-10-11 12:10:29'),
(1925, 20, '890913971011546', '', '', '2019-10-11 12:10:29'),
(1926, 21, '134018509338340', '', '', '2019-10-11 12:10:29'),
(1927, 22, '236371751789844', '', '', '2019-10-11 12:10:29'),
(1928, 23, '251726027573886', '', '', '2019-10-11 12:10:29'),
(1929, 24, '761554286081695', '', '', '2019-10-11 12:10:29'),
(1930, 25, '235829987387486', '', '', '2019-10-11 12:10:29'),
(1931, 26, '252638132111222', '', '', '2019-10-11 12:10:29'),
(1932, 27, '324782845813700', '', '', '2019-10-11 12:10:29'),
(1933, 28, '488820071395935', '', '', '2019-10-11 12:10:29'),
(1934, 29, '518583988201588', '', '', '2019-10-11 12:10:29'),
(1935, 30, '813124804299795', '', '', '2019-10-11 12:10:29'),
(1936, 31, '538001775124414', '', '', '2019-10-11 12:10:29'),
(1937, 32, '730788492602534', '', '', '2019-10-11 12:10:29'),
(1938, 34, '592736003609685', '', '', '2019-10-11 12:10:29'),
(1939, 37, '578912815574817', '', '', '2019-10-11 12:10:29'),
(1940, 43, '895477184034369', '', '', '2019-10-11 12:10:29'),
(1941, 44, '626340368426262', '', '', '2019-10-11 12:10:29'),
(1942, 46, '573679121841850', '', '', '2019-10-11 12:10:29'),
(1943, 51, '092064134426316', '', '', '2019-10-11 12:10:29'),
(1944, 52, '251822053102037', '', '', '2019-10-11 12:10:29'),
(1945, 58, '995080951456937', '', '', '2019-10-11 12:10:29'),
(1946, 59, '766295199340225', '', '', '2019-10-11 12:10:29'),
(1947, 60, '597383446492513', '', '', '2019-10-11 12:10:29'),
(1948, 61, '008814453900736', '', '', '2019-10-11 12:10:29'),
(1949, 62, '613637970879423', '', '', '2019-10-11 12:10:29'),
(1950, 65, '606762730057000', '', '', '2019-10-11 12:10:29'),
(1951, 66, '809497806472727', '', '', '2019-10-11 12:10:29'),
(1952, 68, '398971349989170', '', '', '2019-10-11 12:10:29'),
(1953, 70, '045386454821133', '', '', '2019-10-11 12:10:29'),
(1954, 71, '866730469923127', '', '', '2019-10-11 12:10:29'),
(1955, 72, '257183514027444', '', '', '2019-10-11 12:10:29'),
(1956, 73, '769537142200486', '', '', '2019-10-11 12:10:29'),
(1957, 74, '026545059959837', '', '', '2019-10-11 12:10:29'),
(1958, 76, '951526156633581', '', '', '2019-10-11 12:10:29'),
(1959, 79, '552507348204856', '', '', '2019-10-11 12:10:29'),
(1960, 80, '981044015724637', '', '', '2019-10-11 12:10:29'),
(1961, 82, '821548100647358', '', '', '2019-10-11 12:10:29'),
(1962, 83, '307312903259223', '', '', '2019-10-11 12:10:29'),
(1963, 84, '108474726875683', '', '', '2019-10-11 12:10:29'),
(1964, 85, '465565728977802', '', '', '2019-10-11 12:10:29'),
(1965, 87, '770419193686268', '', '', '2019-10-11 12:10:29'),
(1966, 88, '467607748966072', '', '', '2019-10-11 12:10:29');

-- --------------------------------------------------------

--
-- Tabellenstruktur für Tabelle `user_files`
--

CREATE TABLE `user_files` (
  `id` int(11) NOT NULL,
  `folder_id` int(11) NOT NULL,
  `user_id` int(11) NOT NULL,
  `timestamp` timestamp NOT NULL DEFAULT '0000-00-00 00:00:00',
  `code` text NOT NULL,
  `filename` text NOT NULL,
  `title` text NOT NULL,
  `interpret` text NOT NULL,
  `writer` text NOT NULL,
  `link` text NOT NULL,
  `song_key` text NOT NULL,
  `type` text NOT NULL,
  `category` text NOT NULL,
  `genre` text NOT NULL,
  `lastchange` timestamp NOT NULL DEFAULT CURRENT_TIMESTAMP ON UPDATE CURRENT_TIMESTAMP
) ENGINE=InnoDB DEFAULT CHARSET=utf8;

--
-- Daten für Tabelle `user_files`
--

INSERT INTO `user_files` (`id`, `folder_id`, `user_id`, `timestamp`, `code`, `filename`, `title`, `interpret`, `writer`, `link`, `song_key`, `type`, `category`, `genre`, `lastchange`) VALUES
(804, 24, 25, '0000-00-00 00:00:00', '15558586371162490379.pdf', 'Cornerstone - Hillsong', 'Cornerstone', 'Hillsong', '', 'https://www.youtube.com/watch?v=izrk-erhDdk', 'C', 'pdf', 'Chords', 'Worship', '2019-09-19 18:29:51'),
(806, 25, 18, '0000-00-00 00:00:00', '15559645661351939404.pdf', 'Little Mountain Church House', 'Little Mountain Church House', 'Carl Jackson and Jim Rushing', '', 'https://www.youtube.com/watch?v=4U93EjMUzXk', 'D', 'pdf', 'Chords', 'Country Christian', '2019-04-22 22:16:10'),
(810, 27, 7, '0000-00-00 00:00:00', '1555977408878282402.txt', 'No Son of Mine', 'No Son of Mine', 'Genesis', 'Tony Banks / Phil Collins / Michael Rutherford', 'https://www.youtube.com/watch?v=cddQn1mZRfI', '', 'txt', 'Lyrics', 'Pop', '2019-04-23 07:44:59'),
(811, 27, 7, '0000-00-00 00:00:00', '15560099721297315216.txt', 'is_he_worthy', 'Is he worthy', 'Chris Tomlin', 'Andrew Peterson / Ben Shive', 'https://www.youtube.com/watch?v=FkRiYsTN7KY', '', 'txt', 'Lyrics', 'Worship', '2019-04-23 09:00:25'),
(813, 28, 1, '2019-04-26 19:29:52', '15563069921686816986.jpg', 'Sarah', '', '', '', '', '', 'jpg', '', '', '2019-04-26 19:29:52'),
(814, 27, 7, '0000-00-00 00:00:00', '1556394603735402139.pdf', 'Little Mountain Church House', 'Little Mountain Church House', 'Nitty Gritty Dirt Band', 'Carl Jackson/Jim Rushing', 'https://www.youtube.com/watch?v=4U93EjMUzXk', 'D', 'pdf', 'Lyrics', 'Worship/Country', '2019-04-27 19:56:41'),
(843, 29, 12, '0000-00-00 00:00:00', '1558114291966812575.jpg', 'Sarah', 'Song from Tom', '', '', '', '', 'jpg', '', '', '2019-05-17 17:31:52'),
(847, 17, 2, '0000-00-00 00:00:00', '1558293729544018778.txt', 'one', 'One', 'U2', 'Adam Clayton / Dave Evans / Larry Mullen / Paul David Hewson', 'https://www.youtube.com/watch?v=ftjEcrrf7r0', 'ab minor', 'txt', 'Lyrics', '', '2019-05-19 19:57:07'),
(848, 17, 2, '0000-00-00 00:00:00', '1558294111882099854.pdf', 'Oceans - Hillsong', 'Oceans', 'Hillsong United', '', '', 'D', 'pdf', 'Chords', '', '2019-05-20 13:09:10'),
(850, 17, 2, '0000-00-00 00:00:00', '15582947981911970118.txt', 'stairway to heaven', 'Stairway to Heaven', 'Led Zeppelin', 'Jimmy Page/Robert Plant', 'https://www.youtube.com/watch?v=xbhCPt6PZIU', 'a minor', 'txt', 'Lyrics', 'Rock', '2019-05-20 13:08:29'),
(852, 17, 2, '0000-00-00 00:00:00', '1558295590876473463.jpeg', 'Proud Mary', 'Proud Mary', 'Tina Turner', 'John Fogerty', 'https://www.youtube.com/watch?v=T2T5_seDNZE', 'D', 'jpeg', 'Lyrics', 'Rock', '2019-07-13 13:54:48'),
(853, 25, 18, '0000-00-00 00:00:00', '15582966431435737955.pdf', 'Every Breath chords', 'Every Breath you take', 'The Police', '', '', 'A - Capo 4', 'pdf', 'Chords', '', '2019-05-19 20:11:35'),
(854, 17, 2, '0000-00-00 00:00:00', '15583462601058978295.txt', 'Oh Suzanna', 'Oh Suzanna', '', '', '', 'C', 'txt', 'Lyrics', 'Folk', '2019-05-20 09:58:28'),
(855, 17, 2, '0000-00-00 00:00:00', '1558346558307435710.txt', 'Ode to Joy', 'Ode to Joy', '', 'Ludwig van Beethoven/Friedrich Schiller', '', 'd minor', 'txt', 'Lyrics', 'Classic', '2019-05-20 10:03:33'),
(856, 17, 2, '0000-00-00 00:00:00', '15583526671416994314.txt', 'Lorem ipsum', 'Lorem Ipsum', 'Sid Amen', 'Sid Amen', '', 'C', 'txt', 'Lyrics', 'Classic', '2019-05-20 11:44:59'),
(857, 26, 27, '0000-00-00 00:00:00', '1558387390619879385.txt', 'songanize song', 'songanize Song', 'songanize', 'songanize', '', 'C', 'txt', 'Chords', '', '2019-05-20 21:33:36'),
(858, 26, 27, '2019-05-24 09:59:34', '15586919741457691152.txt', 'Lorem ipsum', '', '', '', '', '', 'txt', '', '', '2019-05-24 09:59:34'),
(864, 30, 43, '2019-06-04 18:04:45', '1559671485103614419.pdf', 'Hallelujah', '', '', '', '', '', 'pdf', '', '', '2019-06-04 18:04:45'),
(865, 30, 43, '2019-06-04 18:05:54', '15596715541371659471.jpeg', 'C049DB44-26B2-4B68-8A74-66600BB008BB', '', '', '', '', '', 'jpeg', '', '', '2019-06-04 18:05:54'),
(866, 30, 43, '2019-06-04 18:05:54', '1559671555176936642.jpeg', '36A5870C-7692-4B5C-9611-413E5379BFDE', '', '', '', '', '', 'jpeg', '', '', '2019-06-04 18:05:54'),
(867, 31, 46, '0000-00-00 00:00:00', '15599093771792559691.jpeg', 'FED45225-67F1-4E8E-8FDF-32DE026A9D27', 'Cast Away the Devil', '', 'Artie', '', '', 'jpeg', 'Chords', '', '2019-06-07 12:13:17'),
(868, 31, 46, '0000-00-00 00:00:00', '15599097911335007492.jpeg', '7104FDC4-481D-430B-A209-6756E6DDABD3', 'Count the reasons', '', '', '', '', 'jpeg', 'Chords', '', '2019-06-07 12:35:13'),
(869, 31, 46, '0000-00-00 00:00:00', '1559909791613350318.jpeg', 'B6A0E50B-FEBA-492A-98AA-875D907BBC59', 'Social scene ', '', '', '', '', 'jpeg', 'Chords', '', '2019-06-07 12:36:02'),
(870, 31, 46, '0000-00-00 00:00:00', '15599097922033058451.jpeg', '18AC47D9-4E73-4073-A6E9-378D505042DC', 'Don’t you wanna talk about ', '', '', '', '', 'jpeg', 'Chords', '', '2019-06-07 12:33:05'),
(871, 31, 46, '0000-00-00 00:00:00', '1559909792720934055.jpeg', '2D113F56-5ECB-4133-8280-92CD7A900FF0', 'Play it out til morning ', '', '', '', '', 'jpeg', 'Chords', '', '2019-06-07 12:34:05'),
(872, 31, 46, '0000-00-00 00:00:00', '1559909795181727917.jpeg', '8C95FB12-3381-483D-A86B-1AC4AB46BFDA', 'Analyze ', '', '', '', '', 'jpeg', 'Chords', '', '2019-06-07 12:31:45'),
(873, 31, 46, '0000-00-00 00:00:00', '1559909797904982513.jpeg', 'C095F343-5B59-4537-866E-A440B279A182', 'Leopard in Disguise ', '', '', '', '', 'jpeg', 'Chords', '', '2019-06-07 12:30:40'),
(874, 31, 46, '0000-00-00 00:00:00', '1559909797696712439.jpeg', '8FB0B23B-971E-4BAC-AB60-889F9AF3D744', 'Once I Awoke ', '', '', '', '', 'jpeg', 'Chords', '', '2019-06-07 12:29:18'),
(875, 31, 46, '0000-00-00 00:00:00', '1559909799341532069.jpeg', '7C1A0CBA-6080-42A1-B5E3-6D8EFEC8E2FA', 'Invisible man', '', '', '', '', 'jpeg', 'Chords', '', '2019-06-07 12:28:28'),
(876, 31, 46, '0000-00-00 00:00:00', '1559909800963639670.jpeg', '8D1B3398-AA5F-4A18-9458-02DD0DDC6DD8', 'Stranger on a Train', '', '', '', '', 'jpeg', 'Chords', '', '2019-06-07 12:27:38'),
(877, 31, 46, '0000-00-00 00:00:00', '15599098011660014749.jpeg', '2688817B-330D-48A2-885B-15082EDC82AE', 'Castle on my he Hill', '', '', '', '', 'jpeg', 'Chords', '', '2019-06-07 12:25:59'),
(878, 31, 46, '0000-00-00 00:00:00', '15599098011495380622.jpeg', 'BB08F2AF-F480-4413-A64C-9A4B4B53A299', 'Johnny Broken Bones', '', '', '', '', 'jpeg', 'Chords', '', '2019-06-07 12:26:47'),
(879, 31, 46, '0000-00-00 00:00:00', '1559909802943816969.jpeg', 'A3C55399-3D54-49E5-9FAD-B08E576400C2', 'Silly ', '', '', '', '', 'jpeg', 'Chords', '', '2019-06-07 12:24:30'),
(880, 31, 46, '0000-00-00 00:00:00', '1559909802104537130.jpeg', 'F3D072DB-BC12-4676-B5F2-D592B925C047', 'Birthday Cake', '', '', '', '', 'jpeg', 'Chords', '', '2019-06-07 12:25:11'),
(881, 31, 46, '0000-00-00 00:00:00', '15599098031942192973.jpeg', '86AD80E4-EAF3-4B7F-86B4-580E57E141D7', 'Troubled Heart', '', '', '', '', 'jpeg', 'Chords', '', '2019-06-07 12:23:50'),
(882, 31, 46, '0000-00-00 00:00:00', '15599098031237113254.jpeg', 'F3888CAA-A1BF-4C9C-90C4-F0E77881E135', 'Beneath your eyes ', '', '', '', '', 'jpeg', 'Chords', '', '2019-06-07 12:22:20'),
(883, 31, 46, '0000-00-00 00:00:00', '15599098041884613650.jpeg', '2F7DC619-E227-464D-8FCF-8E66DE3DB31E', 'Out the Door ', '', '', '', '', 'jpeg', 'Chords', '', '2019-06-07 12:23:03'),
(884, 31, 46, '0000-00-00 00:00:00', '15599098041400113783.jpeg', 'C62A7E9D-8D6C-4343-8486-11516A5B1995', 'City of Tears', '', '', '', '', 'jpeg', 'Chords', '', '2019-06-07 12:21:35'),
(885, 31, 46, '0000-00-00 00:00:00', '15599098051673876652.jpeg', '451AE9D4-E3B2-4B0E-A7E2-71CBEE7FCCC6', 'Tell me your plans ', '', '', '', '', 'jpeg', 'Chords', '', '2019-06-07 12:19:52'),
(886, 31, 46, '0000-00-00 00:00:00', '1559909805164741645.jpeg', 'A9932D04-00DD-467F-AE3B-ED5546144031', 'Bamboo Room', '', '', '', '', 'jpeg', 'Chords', '', '2019-06-07 12:20:51'),
(887, 31, 46, '0000-00-00 00:00:00', '155990980627639707.jpeg', '9818F921-CBF9-481A-9FA4-97EB3A84B645', 'Weeping Willow', '', '', '', '', 'jpeg', 'Chords', '', '2019-06-07 12:18:04'),
(888, 31, 46, '0000-00-00 00:00:00', '15599098071939221755.jpeg', '72E7AC24-86C4-4277-B14A-10C47D9ABAEB', 'Jingle thru the night', '', '', '', '', 'jpeg', 'Chords', '', '2019-06-07 12:19:05'),
(890, 32, 28, '0000-00-00 00:00:00', '15605000521613500947.png', 'Justoneglimpseofhisglory', 'Just One Glimpse Of His Glory', '', 'Stacy Swalley', 'https://www.youtube.com/watch?v=qQtzPXGi61w', '', 'png', 'Chords', '', '2019-06-28 16:47:34'),
(891, 32, 28, '0000-00-00 00:00:00', '1560755776793605779.png', 'C4EF1E25-06FB-4E28-91F3-791B58288F06', 'Spirit Song', 'John Wimber', 'John Wimber', '', '', 'png', 'Chords', '', '2019-06-17 07:17:36'),
(892, 33, 51, '2019-06-22 13:05:00', '1561208701183477444.docx', 'Book review 2', '', '', '', '', '', 'docx', '', '', '2019-06-22 13:05:00'),
(893, 33, 51, '2019-06-22 13:08:03', '1561208884573436840.pdf', 'Above all powers s.1 Toneart F', '', '', '', '', '', 'pdf', '', '', '2019-06-22 13:08:03'),
(894, 29, 12, '0000-00-00 00:00:00', '15613925762011997106.txt', 'test', '', '', '', 'https://www.youtube.com/watch?v=qQtzPXGi61w', '', 'txt', '', '', '2019-06-28 16:45:46'),
(895, 34, 52, '0000-00-00 00:00:00', '156139585738218684.jpeg', 'D2B306B5-1393-4E3F-9944-4D6B3EE9389E', 'Laat het los', '', 'Van Dikhout', '', '', 'jpeg', 'Lyrics', '', '2019-06-24 18:55:48'),
(896, 34, 52, '0000-00-00 00:00:00', '15614022802109795023.jpeg', '2E188D75-BD75-499A-96DF-0441B7AE6F13', 'Liefs uit Londen', '', 'Blof', '', '', 'jpeg', 'Lyrics', '', '2019-06-24 18:55:38'),
(897, 34, 52, '0000-00-00 00:00:00', '1561402282632853111.jpeg', '9EF95255-EB14-4652-9C20-3F9A67DF5E0B', 'The Rose', '', 'Bette Midler', '', '', 'jpeg', 'Lyrics', '', '2019-06-24 18:57:17'),
(898, 34, 52, '0000-00-00 00:00:00', '1561402283691704793.jpeg', 'A802BDAF-C4A9-43F4-A5CD-C099321B2215', 'Laat het los', '', 'Van Dik Hout', '', '', 'jpeg', 'Lyrics', '', '2019-06-24 18:55:30'),
(899, 34, 52, '0000-00-00 00:00:00', '1561402284532143745.jpeg', '4A6EF14F-3D1B-4FCD-A681-51CF92CAE0D7', 'Geef nooit op', '', '', '', '', 'jpeg', 'Lyrics', '', '2019-06-24 18:56:25'),
(901, 35, 59, '2019-07-09 13:33:20', '15626792001024576155.pdf', 'chandelier', '', '', '', '', '', 'pdf', '', '', '2019-07-09 13:33:20'),
(902, 35, 59, '2019-07-09 13:33:44', '15626792251890654712.pdf', 'dreams', '', '', '', '', '', 'pdf', '', '', '2019-07-09 13:33:44'),
(906, 23, 15, '2019-07-13 13:59:37', '1563026378805264845.txt', 'one', '', '', '', '', '', 'txt', '', '', '2019-07-13 13:59:37'),
(908, 37, 61, '0000-00-00 00:00:00', '1563145535454414283.jpeg', 'Bach cello bouree', 'Bouree', '', 'Bach', '', 'G major', 'jpeg', 'Notes', 'Classical', '2019-07-14 23:07:16'),
(909, 38, 62, '2019-07-16 16:09:41', '1563293381950011123.docx', 'LEFT BEHIND', '', '', '', '', '', 'docx', '', '', '2019-07-16 16:09:41'),
(910, 38, 62, '0000-00-00 00:00:00', '15632933991951100713.docx', 'The Boys Are Back In Town', '', '', '', '', '', 'docx', '', '', '2019-07-16 16:14:24'),
(911, 38, 62, '0000-00-00 00:00:00', '1563293408229711345.docx', 'DAY TRIPPER', '', '', '', '', '', 'docx', '', '', '2019-07-16 16:15:18'),
(912, 38, 62, '2019-07-16 16:10:25', '15632934251917676289.docx', 'Long Cool Woman', '', '', '', '', '', 'docx', '', '', '2019-07-16 16:10:25'),
(913, 38, 62, '2019-07-16 16:10:31', '15632934321179339004.docx', 'IN THE MOOD', '', '', '', '', '', 'docx', '', '', '2019-07-16 16:10:31'),
(914, 38, 62, '0000-00-00 00:00:00', '15632934391630839878.docx', 'My Disease', 'My Disease', '', 'Dirty Jack', '', '', 'docx', 'Lyrics', '', '2019-07-16 16:15:08'),
(915, 38, 62, '2019-07-16 16:10:57', '15632934571918535151.docx', 'In A Big Country', '', '', '', '', '', 'docx', '', '', '2019-07-16 16:10:57'),
(916, 38, 62, '2019-07-16 16:11:02', '1563293462101013767.docx', 'The Wreck Of The Edmund Fitzgerald LYRICS', '', '', '', '', '', 'docx', '', '', '2019-07-16 16:11:02'),
(917, 38, 62, '2019-07-16 16:11:06', '15632934662005047806.docx', 'House Of the Rising Sun LYRICS', '', '', '', '', '', 'docx', '', '', '2019-07-16 16:11:06'),
(918, 38, 62, '0000-00-00 00:00:00', '1563293475295461725.docx', 'Sunshine Of Your Love', '', '', '', '', '', 'docx', '', '', '2019-07-16 16:14:36'),
(919, 38, 62, '2019-07-16 16:11:24', '15632934851950537730.docx', 'SOMEBODY', '', '', '', '', '', 'docx', '', '', '2019-07-16 16:11:24'),
(920, 38, 62, '2019-07-16 16:11:29', '1563293490156308102.docx', 'FOX ON THE RUN', '', '', '', '', '', 'docx', '', '', '2019-07-16 16:11:29'),
(921, 38, 62, '2019-07-16 16:11:35', '15632934951307632416.docx', 'Rock and Roll All Nite', '', '', '', '', '', 'docx', '', '', '2019-07-16 16:11:35'),
(922, 38, 62, '2019-07-16 16:11:42', '1563293503666483435.docx', 'RING OF FIRE', '', '', '', '', '', 'docx', '', '', '2019-07-16 16:11:42'),
(923, 38, 62, '2019-07-16 16:11:48', '1563293509740609882.docx', 'HUNGRY LIKE THE WOLF', '', '', '', '', '', 'docx', '', '', '2019-07-16 16:11:48'),
(924, 38, 62, '2019-07-16 16:12:00', '1563293520448935822.docx', 'OH DARLING', '', '', '', '', '', 'docx', '', '', '2019-07-16 16:12:00'),
(925, 38, 62, '2019-07-16 16:12:35', '1563293555796267343.docx', 'UNDER MY WHEELS', '', '', '', '', '', 'docx', '', '', '2019-07-16 16:12:35'),
(926, 38, 62, '2019-07-16 16:15:46', '15632937471804161993.docx', 'NOBODY SAID IT WAS EASY', '', '', '', '', '', 'docx', '', '', '2019-07-16 16:15:46'),
(927, 38, 62, '2019-07-16 16:16:33', '1563293794573922521.docx', 'ROCKIN IN THE FREE WORLD', '', '', '', '', '', 'docx', '', '', '2019-07-16 16:16:33'),
(928, 38, 62, '2019-07-16 16:16:59', '1563293820780464473.docx', 'OCEAN PEARL', '', '', '', '', '', 'docx', '', '', '2019-07-16 16:16:59'),
(929, 38, 62, '2019-07-16 16:17:26', '15632938461739428359.docx', 'MONKEY BARS', '', '', '', '', '', 'docx', '', '', '2019-07-16 16:17:26'),
(930, 38, 62, '2019-07-16 16:17:40', '15632938601205812664.docx', 'UNDER MY WHEELS', '', '', '', '', '', 'docx', '', '', '2019-07-16 16:17:40'),
(931, 38, 62, '2019-07-16 16:17:49', '1563293870460372786.docx', 'CEMETARY', '', '', '', '', '', 'docx', '', '', '2019-07-16 16:17:49'),
(932, 38, 62, '2019-07-16 16:17:58', '1563293878176280188.docx', 'The Breakup Song', '', '', '', '', '', 'docx', '', '', '2019-07-16 16:17:58'),
(933, 38, 62, '2019-07-16 16:18:11', '15632938911110028211.docx', 'Barracuda', '', '', '', '', '', 'docx', '', '', '2019-07-16 16:18:11'),
(934, 38, 62, '2019-07-16 16:18:31', '15632939111996937067.docx', 'I SAW HER STANDING THERE', '', '', '', '', '', 'docx', '', '', '2019-07-16 16:18:31'),
(935, 38, 62, '2019-07-16 16:18:46', '15632939261642677986.docx', 'Dance Hall Days', '', '', '', '', '', 'docx', '', '', '2019-07-16 16:18:46'),
(936, 38, 62, '2019-07-16 16:18:56', '15632939371270995587.docx', 'RUNAWAY', '', '', '', '', '', 'docx', '', '', '2019-07-16 16:18:56'),
(937, 38, 62, '2019-07-16 16:19:13', '1563293953388926050.docx', 'Here Without You', '', '', '', '', '', 'docx', '', '', '2019-07-16 16:19:13'),
(938, 38, 62, '2019-07-16 16:19:25', '1563293966492969629.docx', 'SOMETHING', '', '', '', '', '', 'docx', '', '', '2019-07-16 16:19:25'),
(939, 38, 62, '2019-07-16 16:19:33', '15632939731527315909.docx', 'Keep On Loving Me Baby', '', '', '', '', '', 'docx', '', '', '2019-07-16 16:19:33'),
(940, 38, 62, '0000-00-00 00:00:00', '1563294005136722460.docx', 'DIRTY JACK - FUEL', 'Fuel', '', '', '', '', 'docx', 'Lyrics', 'Rock', '2019-07-16 16:57:53'),
(941, 38, 62, '0000-00-00 00:00:00', '15632940691953935886.docx', 'LEAVE MY SOUL', 'Leave My Soul', '', '', '', '', 'docx', 'Lyrics', '', '2019-07-16 16:57:31'),
(943, 38, 62, '2019-07-16 19:34:33', '15633056741373966593.docx', 'Wanna Rock', '', '', '', '', '', 'docx', '', '', '2019-07-16 19:34:33'),
(944, 38, 62, '2019-07-16 19:34:37', '15633056782118677033.docx', 'Roxy Roller', '', '', '', '', '', 'docx', '', '', '2019-07-16 19:34:37'),
(945, 38, 62, '2019-07-16 19:34:41', '1563305681105795844.docx', 'Tie Your Mother Down', '', '', '', '', '', 'docx', '', '', '2019-07-16 19:34:41'),
(946, 38, 62, '2019-07-16 19:34:45', '15633056862026890530.docx', 'Why pt2', '', '', '', '', '', 'docx', '', '', '2019-07-16 19:34:45'),
(947, 38, 62, '2019-07-16 19:58:44', '1563307124658691916.docx', 'Learn To Fly', '', '', '', '', '', 'docx', '', '', '2019-07-16 19:58:44'),
(948, 38, 62, '2019-07-16 19:58:50', '1563307131221797976.docx', 'Just What I Needed', '', '', '', '', '', 'docx', '', '', '2019-07-16 19:58:50'),
(949, 38, 62, '0000-00-00 00:00:00', '15633071391111225077.docx', 'Tush', 'Tush', '', '', '', '', 'docx', 'Lyrics', '', '2019-07-16 20:01:40'),
(951, 17, 2, '2019-07-17 12:35:43', '15633669431248672315.txt', 'testsong', '', '', '', '', '', 'txt', '', '', '2019-07-17 12:35:43'),
(952, 39, 65, '0000-00-00 00:00:00', '15635166731050253824.pdf', 'No longer slaves', 'No longer slaves', '', '', '', 'D', 'pdf', '', '', '2019-07-19 06:13:34'),
(953, 39, 65, '0000-00-00 00:00:00', '15635166761362551411.pdf', 'Noch nie', '', '', '', '', 'C', 'pdf', 'Chords', '', '2019-07-19 06:13:17'),
(954, 39, 65, '0000-00-00 00:00:00', '1563516678539670261.pdf', 'Wo ich auch stehe', 'Wo ich auch stehe', '', '', '', 'C', 'pdf', '', '', '2019-07-19 06:12:46'),
(955, 39, 65, '0000-00-00 00:00:00', '1563516684887900375.pdf', 'Zehntausend Gründe', 'Zehntausend Gründe', '', '', '', 'D', 'pdf', '', '', '2019-07-19 06:12:32'),
(956, 39, 65, '0000-00-00 00:00:00', '15635166871852316883.pdf', '#5 Die Reise', 'Die Reise', '', '', '', 'F', 'pdf', '', '', '2019-07-19 06:12:16'),
(957, 40, 66, '2019-07-23 15:12:01', '15638947221999317373.docx', 'Windmills', '', '', '', '', '', 'docx', '', '', '2019-07-23 15:12:02'),
(958, 24, 25, '0000-00-00 00:00:00', '1564613568180202080.txt', 'broken coastline', 'Broaken Coastline', 'Down like Silver', '', 'https://www.youtube.com/watch?v=kLtu7bc1Huo', '', 'txt', 'Lyrics', '', '2019-07-31 22:54:11'),
(959, 24, 25, '0000-00-00 00:00:00', '15646143061896676340.txt', 'calm after the storm', 'Calm after the storm', 'The Common Linnets', '', 'https://www.youtube.com/watch?v=hkrF8uC92O4', '', 'txt', 'Lyrics', '', '2019-07-31 23:05:41'),
(960, 24, 25, '0000-00-00 00:00:00', '15647478291813957670.txt', 'hero', 'Hero', 'Family of the Year', '', 'https://www.youtube.com/watch?v=mYFaghHyMKc', '', 'txt', 'Lyrics', 'Pop', '2019-09-19 17:46:20'),
(961, 41, 70, '0000-00-00 00:00:00', '1564981844473606191.pdf', 'Good Good Father', '', '', '', '', 'dds', 'pdf', '', '', '2019-08-05 05:11:26'),
(962, 42, 71, '0000-00-00 00:00:00', '15650541391421442277.jpg', 'image', 'Seek Ye First', '', 'Karen Lafferty', '', 'C', 'jpg', '', '', '2019-08-06 01:16:45'),
(963, 43, 80, '0000-00-00 00:00:00', '15681218221868637431.pdf', 'The Day Only Leads To Night', 'The Day Only Leads To Night ', '', 'Ryan Fitzpatrick ', '', '', 'pdf', 'Other', '', '2019-09-10 14:08:05'),
(967, 41, 70, '2019-09-11 18:32:01', '1568226721240840094.jpg', 'image-1568226706158.jpg4092960436413965443', '', '', '', '', '', 'jpg', '', '', '2019-09-11 18:32:01'),
(968, 45, 82, '2019-09-16 01:44:58', '15685982991641017590.pdf', 'adonai adonai-nn-needs work', '', '', '', '', '', 'pdf', '', '', '2019-09-16 01:44:58'),
(989, 46, 84, '0000-00-00 00:00:00', '15691245741035267951.pdf', 'U tem Somboru - Am', 'U tem Somboru - Am', '', '', '', 'Am', 'pdf', 'Chords', 'Starogradska', '2019-09-22 13:09:35'),
(990, 46, 84, '0000-00-00 00:00:00', '1569157593647563713.pdf', 'Izadji iz moje case - Am', 'Izadji iz moje case - Am', '', '', '', 'Am', 'pdf', 'Chords', 'Starogradska', '2019-09-22 13:09:03'),
(991, 47, 44, '0000-00-00 00:00:00', '1569698142788032657.jpg', 'King', 'King', 'Dominik Laim', '', '', '', 'jpg', 'Chords', '', '2019-09-28 19:21:28'),
(992, 48, 85, '2019-09-29 15:08:35', '15697697161232036416.jpg', 'image', '', '', '', '', '', 'jpg', '', '', '2019-09-29 15:08:35'),
(993, 48, 85, '0000-00-00 00:00:00', '15697697771983817580.jpg', 'image', '', '', 'Stuart Townend', '', 'E (4 #’s)', 'jpg', 'Other', 'worship music', '2019-09-29 15:14:22'),
(994, 49, 88, '2019-10-10 14:28:12', '15707176922038768814.pdf', '._Albachiara', '', '', '', '', '', 'pdf', '', '', '2019-10-10 14:28:12'),
(995, 49, 88, '2019-10-10 14:28:12', '1570717692877483365.doc', '._All the small things TXT', '', '', '', '', '', 'doc', '', '', '2019-10-10 14:28:12'),
(996, 49, 88, '2019-10-10 14:28:12', '15707176932056714025.pdf', '._BANDIERA GIALLA', '', '', '', '', '', 'pdf', '', '', '2019-10-10 14:28:12'),
(997, 49, 88, '2019-10-10 14:28:12', '1570717693811568428.pdf', '._EPPUR MI SON SCORDATO DI TE', '', '', '', '', '', 'pdf', '', '', '2019-10-10 14:28:12'),
(998, 49, 88, '2019-10-10 14:28:13', '1570717693112382702.pdf', '._Halleluja', '', '', '', '', '', 'pdf', '', '', '2019-10-10 14:28:13'),
(999, 49, 88, '2019-10-10 14:28:13', '15707176931438859588.pdf', '._Hey Jude', '', '', '', '', '', 'pdf', '', '', '2019-10-10 14:28:13'),
(1000, 49, 88, '2019-10-10 14:28:13', '15707176931779128529.pdf', '._Hotel California', '', '', '', '', '', 'pdf', '', '', '2019-10-10 14:28:13'),
(1001, 49, 88, '2019-10-10 14:28:13', '1570717693240916510.pdf', '._I Will Survive', '', '', '', '', '', 'pdf', '', '', '2019-10-10 14:28:13'),
(1002, 49, 88, '2019-10-10 14:28:13', '15707176941967582555.pdf', '._Il mio canto libero', '', '', '', '', '', 'pdf', '', '', '2019-10-10 14:28:13'),
(1003, 49, 88, '2019-10-10 14:28:13', '1570717694654910067.doc', '._Il più grande spettacolo TXT', '', '', '', '', '', 'doc', '', '', '2019-10-10 14:28:13'),
(1004, 49, 88, '2019-10-10 14:28:13', '1570717694663174761.pdf', '._Let it be', '', '', '', '', '', 'pdf', '', '', '2019-10-10 14:28:13'),
(1005, 49, 88, '2019-10-10 14:28:14', '1570717694930113859.doc', '._Macho man CRIS TXT', '', '', '', '', '', 'doc', '', '', '2019-10-10 14:28:14'),
(1006, 49, 88, '2019-10-10 14:28:14', '15707176941067508608.pdf', '._Maracaibo', '', '', '', '', '', 'pdf', '', '', '2019-10-10 14:28:14'),
(1007, 49, 88, '2019-10-10 14:28:14', '1570717695365483980.pdf', '._PER COLPA DI CHI', '', '', '', '', '', 'pdf', '', '', '2019-10-10 14:28:14'),
(1008, 49, 88, '2019-10-10 14:28:14', '15707176951803949437.pdf', '._PERFECT', '', '', '', '', '', 'pdf', '', '', '2019-10-10 14:28:14'),
(1009, 49, 88, '2019-10-10 14:28:14', '1570717695321299241.doc', '._Proud Mary TXT', '', '', '', '', '', 'doc', '', '', '2019-10-10 14:28:14'),
(1010, 49, 88, '2019-10-10 14:28:14', '1570717695313677987.pdf', '._SE TELEFONANDO NEK', '', '', '', '', '', 'pdf', '', '', '2019-10-10 14:28:14'),
(1011, 49, 88, '2019-10-10 14:28:15', '15707176951610431986.doc', '._The wall TXT', '', '', '', '', '', 'doc', '', '', '2019-10-10 14:28:15'),
(1012, 49, 88, '2019-10-10 14:28:15', '15707176951160210417.doc', '._Sledgehammer TXT', '', '', '', '', '', 'doc', '', '', '2019-10-10 14:28:15'),
(1013, 49, 88, '2019-10-10 14:28:15', '1570717696609926821.pdf', '._UN SENSO', '', '', '', '', '', 'pdf', '', '', '2019-10-10 14:28:15'),
(1014, 49, 88, '2019-10-10 14:28:15', '1570717696743225656.doc', '._What a wonderful world TXT', '', '', '', '', '', 'doc', '', '', '2019-10-10 14:28:15'),
(1015, 49, 88, '2019-10-10 14:28:15', '15707176962091942641.pdf', '10 ragazze', '', '', '', '', '', 'pdf', '', '', '2019-10-10 14:28:15'),
(1016, 49, 88, '2019-10-10 14:28:16', '1570717696262626240.pdf', 'Ace of spades', '', '', '', '', '', 'pdf', '', '', '2019-10-10 14:28:16'),
(1017, 49, 88, '2019-10-10 14:28:16', '15707176962090203705.pdf', 'Albachiara', '', '', '', '', '', 'pdf', '', '', '2019-10-10 14:28:16'),
(1018, 49, 88, '2019-10-10 14:28:16', '15707176962067556134.doc', 'All the small things TXT', '', '', '', '', '', 'doc', '', '', '2019-10-10 14:28:16'),
(1019, 49, 88, '2019-10-10 14:28:16', '15707176971233232067.pdf', 'All right now', '', '', '', '', '', 'pdf', '', '', '2019-10-10 14:28:16'),
(1020, 49, 88, '2019-10-10 14:28:16', '1570717697423831.pdf', 'American Idiot', '', '', '', '', '', 'pdf', '', '', '2019-10-10 14:28:16'),
(1021, 49, 88, '2019-10-10 14:28:17', '1570717697725463783.pdf', 'Azzurro', '', '', '', '', '', 'pdf', '', '', '2019-10-10 14:28:17'),
(1022, 49, 88, '2019-10-10 14:28:17', '1570717697962889518.pdf', 'Angels', '', '', '', '', '', 'pdf', '', '', '2019-10-10 14:28:17'),
(1023, 49, 88, '2019-10-10 14:28:17', '1570717697274202098.pdf', 'Baila', '', '', '', '', '', 'pdf', '', '', '2019-10-10 14:28:17'),
(1024, 49, 88, '2019-10-10 14:28:17', '1570717697896605365.pdf', 'BANDIERA GIALLA', '', '', '', '', '', 'pdf', '', '', '2019-10-10 14:28:17'),
(1025, 49, 88, '2019-10-10 14:28:17', '1570717698278148573.pdf', 'Before you accuse me', '', '', '', '', '', 'pdf', '', '', '2019-10-10 14:28:17'),
(1026, 49, 88, '2019-10-10 14:28:17', '15707176981696490792.pdf', 'Basket case', '', '', '', '', '', 'pdf', '', '', '2019-10-10 14:28:17'),
(1027, 49, 88, '2019-10-10 14:28:18', '15707176981886514470.doc', 'Behind blue eyes TXT', '', '', '', '', '', 'doc', '', '', '2019-10-10 14:28:18'),
(1028, 49, 88, '2019-10-10 14:28:18', '15707176981068374735.pdf', 'Born to be alive', '', '', '', '', '', 'pdf', '', '', '2019-10-10 14:28:18'),
(1029, 49, 88, '2019-10-10 14:28:18', '15707176991061694684.pdf', 'Blues Brothers', '', '', '', '', '', 'pdf', '', '', '2019-10-10 14:28:18'),
(1030, 49, 88, '2019-10-10 14:28:18', '15707176991043995474.pdf', 'Born to be wild', '', '', '', '', '', 'pdf', '', '', '2019-10-10 14:28:18'),
(1031, 49, 88, '2019-10-10 14:28:19', '15707176991540938042.pdf', 'Boys of summer', '', '', '', '', '', 'pdf', '', '', '2019-10-10 14:28:19'),
(1032, 49, 88, '2019-10-10 14:28:19', '15707177001853128594.pdf', 'Celebrity skin', '', '', '', '', '', 'pdf', '', '', '2019-10-10 14:28:19'),
(1033, 49, 88, '2019-10-10 14:28:19', '1570717700792008641.pdf', 'Cocaine', '', '', '', '', '', 'pdf', '', '', '2019-10-10 14:28:19'),
(1034, 49, 88, '2019-10-10 14:28:19', '15707177001451694936.doc', 'Come as you are TXT', '', '', '', '', '', 'doc', '', '', '2019-10-10 14:28:19'),
(1035, 49, 88, '2019-10-10 14:28:20', '15707177001569030241.pdf', 'Come togheter', '', '', '', '', '', 'pdf', '', '', '2019-10-10 14:28:20'),
(1036, 49, 88, '2019-10-10 14:28:20', '15707177001916018556.doc', 'Come undone TXT', '', '', '', '', '', 'doc', '', '', '2019-10-10 14:28:20'),
(1037, 49, 88, '2019-10-10 14:28:20', '15707177011967975435.pdf', 'Diamante', '', '', '', '', '', 'pdf', '', '', '2019-10-10 14:28:20'),
(1038, 49, 88, '2019-10-10 14:28:20', '1570717701532152158.pdf', 'Desire', '', '', '', '', '', 'pdf', '', '', '2019-10-10 14:28:20'),
(1039, 49, 88, '2019-10-10 14:28:20', '15707177011630974306.pdf', 'Disco inferno', '', '', '', '', '', 'pdf', '', '', '2019-10-10 14:28:20'),
(1040, 49, 88, '2019-10-10 14:28:21', '157071770136682834.pdf', 'Diana', '', '', '', '', '', 'pdf', '', '', '2019-10-10 14:28:21'),
(1041, 49, 88, '2019-10-10 14:28:21', '1570717701344943848.pdf', 'Drops of Jupiter', '', '', '', '', '', 'pdf', '', '', '2019-10-10 14:28:21'),
(1042, 49, 88, '2019-10-10 14:28:21', '1570717701147631852.pdf', 'EPPUR MI SON SCORDATO DI TE', '', '', '', '', '', 'pdf', '', '', '2019-10-10 14:28:21'),
(1043, 49, 88, '2019-10-10 14:28:21', '1570717702772911939.pdf', 'Enter Sandman', '', '', '', '', '', 'pdf', '', '', '2019-10-10 14:28:21'),
(1044, 49, 88, '2019-10-10 14:28:22', '15707177021920467958.pdf', 'Even flow', '', '', '', '', '', 'pdf', '', '', '2019-10-10 14:28:22'),
(1045, 49, 88, '2019-10-10 14:28:22', '15707177021941422716.doc', 'Eye in the sky TXT', '', '', '', '', '', 'doc', '', '', '2019-10-10 14:28:22'),
(1046, 49, 88, '2019-10-10 14:28:22', '1570717702565399804.doc', 'Get Luky TXT', '', '', '', '', '', 'doc', '', '', '2019-10-10 14:28:22'),
(1047, 49, 88, '2019-10-10 14:28:22', '15707177031415984204.pdf', 'Gianna', '', '', '', '', '', 'pdf', '', '', '2019-10-10 14:28:22'),
(1048, 49, 88, '2019-10-10 14:28:22', '15707177031724377581.pdf', 'Fortunate Son', '', '', '', '', '', 'pdf', '', '', '2019-10-10 14:28:22'),
(1049, 49, 88, '2019-10-10 14:28:23', '15707177031808004752.pdf', 'Gloria', '', '', '', '', '', 'pdf', '', '', '2019-10-10 14:28:23'),
(1050, 49, 88, '2019-10-10 14:28:23', '15707177031364990833.pdf', 'Halleluja', '', '', '', '', '', 'pdf', '', '', '2019-10-10 14:28:23'),
(1051, 49, 88, '2019-10-10 14:28:23', '15707177031124249350.pdf', 'Hard to handle', '', '', '', '', '', 'pdf', '', '', '2019-10-10 14:28:23'),
(1052, 49, 88, '2019-10-10 14:28:23', '15707177041747294691.pdf', 'Have you ever seen the rain', '', '', '', '', '', 'pdf', '', '', '2019-10-10 14:28:23'),
(1053, 49, 88, '2019-10-10 14:28:23', '15707177041742204906.pdf', 'Heart shaped box', '', '', '', '', '', 'pdf', '', '', '2019-10-10 14:28:23'),
(1054, 49, 88, '2019-10-10 14:28:24', '15707177041440470863.pdf', 'Heroes', '', '', '', '', '', 'pdf', '', '', '2019-10-10 14:28:24'),
(1055, 49, 88, '2019-10-10 14:28:24', '15707177041723352245.doc', 'Hey baby - DJ Otzi TXT', '', '', '', '', '', 'doc', '', '', '2019-10-10 14:28:24'),
(1056, 49, 88, '2019-10-10 14:28:24', '1570717705490023594.doc', 'Hey jude TXT', '', '', '', '', '', 'doc', '', '', '2019-10-10 14:28:24'),
(1057, 49, 88, '2019-10-10 14:28:24', '1570717705507630987.pdf', 'Hey Joe', '', '', '', '', '', 'pdf', '', '', '2019-10-10 14:28:24'),
(1058, 49, 88, '2019-10-10 14:28:24', '1570717705444924184.pdf', 'Hey Jude', '', '', '', '', '', 'pdf', '', '', '2019-10-10 14:28:24'),
(1059, 49, 88, '2019-10-10 14:28:25', '157071770571794073.pdf', 'High time we went', '', '', '', '', '', 'pdf', '', '', '2019-10-10 14:28:25'),
(1060, 49, 88, '2019-10-10 14:28:25', '1570717705384279460.pdf', 'Hold the line', '', '', '', '', '', 'pdf', '', '', '2019-10-10 14:28:25'),
(1061, 49, 88, '2019-10-10 14:28:25', '1570717705297938235.pdf', 'Hotel California', '', '', '', '', '', 'pdf', '', '', '2019-10-10 14:28:25'),
(1062, 49, 88, '2019-10-10 14:28:25', '15707177051085227736.pdf', 'Human TXT', '', '', '', '', '', 'pdf', '', '', '2019-10-10 14:28:25'),
(1063, 49, 88, '2019-10-10 14:28:25', '15707177062103362884.pdf', 'I Can’t Tell You Why', '', '', '', '', '', 'pdf', '', '', '2019-10-10 14:28:25'),
(1064, 49, 88, '2019-10-10 14:28:26', '15707177062045309437.pdf', 'Hush', '', '', '', '', '', 'pdf', '', '', '2019-10-10 14:28:26'),
(1065, 49, 88, '2019-10-10 14:28:26', '15707177061598807985.doc', 'I get knocked down TXT', '', '', '', '', '', 'doc', '', '', '2019-10-10 14:28:26'),
(1066, 49, 88, '2019-10-10 14:28:26', '1570717707955205426.pdf', 'I Will Survive', '', '', '', '', '', 'pdf', '', '', '2019-10-10 14:28:26'),
(1067, 49, 88, '2019-10-10 14:28:26', '15707177071901339188.pdf', 'Il mio canto libero', '', '', '', '', '', 'pdf', '', '', '2019-10-10 14:28:26'),
(1068, 49, 88, '2019-10-10 14:28:26', '15707177071469817237.doc', 'Il più grande spettacolo TXT', '', '', '', '', '', 'doc', '', '', '2019-10-10 14:28:26'),
(1069, 49, 88, '2019-10-10 14:28:27', '1570717708431887041.pdf', 'Il gatto e la volpe', '', '', '', '', '', 'pdf', '', '', '2019-10-10 14:28:27'),
(1070, 49, 88, '2019-10-10 14:28:27', '15707177081243134199.pdf', 'Il tempo di morire', '', '', '', '', '', 'pdf', '', '', '2019-10-10 14:28:27'),
(1071, 49, 88, '2019-10-10 14:28:28', '15707177081494024702.pdf', 'Impressioni di settembre', '', '', '', '', '', 'pdf', '', '', '2019-10-10 14:28:28'),
(1072, 49, 88, '2019-10-10 14:28:28', '15707177081298414392.pdf', 'Io vagabondo', '', '', '', '', '', 'pdf', '', '', '2019-10-10 14:28:28'),
(1073, 49, 88, '2019-10-10 14:28:29', '15707177091729269191.pdf', 'La bamba mix', '', '', '', '', '', 'pdf', '', '', '2019-10-10 14:28:29'),
(1074, 49, 88, '2019-10-10 14:28:29', '1570717709304436223.pdf', 'Interstate love song', '', '', '', '', '', 'pdf', '', '', '2019-10-10 14:28:29'),
(1075, 49, 88, '2019-10-10 14:28:29', '15707177101246843026.pdf', 'La canzone del sole', '', '', '', '', '', 'pdf', '', '', '2019-10-10 14:28:29'),
(1076, 49, 88, '2019-10-10 14:28:29', '15707177101420784936.pdf', 'La mia banda suona il rock', '', '', '', '', '', 'pdf', '', '', '2019-10-10 14:28:29'),
(1077, 49, 88, '2019-10-10 14:28:29', '15707177101086274870.pdf', 'Leave a light on', '', '', '', '', '', 'pdf', '', '', '2019-10-10 14:28:29'),
(1078, 49, 88, '2019-10-10 14:28:30', '1570717710394822427.pdf', 'Let it be', '', '', '', '', '', 'pdf', '', '', '2019-10-10 14:28:30'),
(1079, 49, 88, '2019-10-10 14:28:30', '1570717710475051846.pdf', 'Learn to fly', '', '', '', '', '', 'pdf', '', '', '2019-10-10 14:28:30'),
(1080, 49, 88, '2019-10-10 14:28:30', '1570717711214099174.doc', 'Light my fire TXT', '', '', '', '', '', 'doc', '', '', '2019-10-10 14:28:30'),
(1081, 49, 88, '2019-10-10 14:28:30', '15707177111141259131.pdf', 'Little wing', '', '', '', '', '', 'pdf', '', '', '2019-10-10 14:28:31'),
(1082, 49, 88, '2019-10-10 14:28:31', '1570717711687865721.pdf', 'Lonely boy', '', '', '', '', '', 'pdf', '', '', '2019-10-10 14:28:31'),
(1083, 49, 88, '2019-10-10 14:28:31', '1570717712495709771.pdf', 'Long train running', '', '', '', '', '', 'pdf', '', '', '2019-10-10 14:28:31'),
(1084, 49, 88, '2019-10-10 14:28:31', '15707177121972449480.doc', 'Macho man CRIS TXT', '', '', '', '', '', 'doc', '', '', '2019-10-10 14:28:31'),
(1085, 49, 88, '2019-10-10 14:28:32', '15707177121182273758.pdf', 'Maracaibo', '', '', '', '', '', 'pdf', '', '', '2019-10-10 14:28:32'),
(1086, 49, 88, '2019-10-10 14:28:32', '1570717712966894.pdf', 'Mustang sally', '', '', '', '', '', 'pdf', '', '', '2019-10-10 14:28:32'),
(1087, 49, 88, '2019-10-10 14:28:32', '15707177131354103435.pdf', 'Narcotic', '', '', '', '', '', 'pdf', '', '', '2019-10-10 14:28:32'),
(1088, 49, 88, '2019-10-10 14:28:32', '15707177131895454189.pdf', 'One', '', '', '', '', '', 'pdf', '', '', '2019-10-10 14:28:32'),
(1089, 49, 88, '2019-10-10 14:28:33', '1570717713825887814.pdf', 'PER COLPA DI CHI', '', '', '', '', '', 'pdf', '', '', '2019-10-10 14:28:33'),
(1090, 49, 88, '2019-10-10 14:28:33', '157071771465284638.pdf', 'PERFECT', '', '', '', '', '', 'pdf', '', '', '2019-10-10 14:28:33'),
(1091, 49, 88, '2019-10-10 14:28:33', '1570717714937485396.pdf', 'Più bella cosa', '', '', '', '', '', 'pdf', '', '', '2019-10-10 14:28:33'),
(1092, 49, 88, '2019-10-10 14:28:33', '1570717714384802390.doc', 'Proud Mary TXT', '', '', '', '', '', 'doc', '', '', '2019-10-10 14:28:33'),
(1093, 49, 88, '2019-10-10 14:28:33', '15707177141100985029.pdf', 'Purple Rain', '', '', '', '', '', 'pdf', '', '', '2019-10-10 14:28:33'),
(1094, 49, 88, '2019-10-10 14:28:34', '15707177141269552297.doc', 'Reggae night TXT', '', '', '', '', '', 'doc', '', '', '2019-10-10 14:28:34'),
(1095, 49, 88, '2019-10-10 14:28:34', '1570717715531967984.pdf', 'Rebel yell', '', '', '', '', '', 'pdf', '', '', '2019-10-10 14:28:34'),
(1096, 49, 88, '2019-10-10 14:28:34', '15707177151402233724.pdf', 'Roadhouse blues', '', '', '', '', '', 'pdf', '', '', '2019-10-10 14:28:34'),
(1097, 49, 88, '2019-10-10 14:28:34', '15707177151509673570.doc', 'Rock n roll robot TXT', '', '', '', '', '', 'doc', '', '', '2019-10-10 14:28:34'),
(1098, 49, 88, '2019-10-10 14:28:35', '157071771591312864.pdf', 'Rose rosse', '', '', '', '', '', 'pdf', '', '', '2019-10-10 14:28:35'),
(1099, 49, 88, '2019-10-10 14:28:35', '15707177151528578908.pdf', 'Runaway train', '', '', '', '', '', 'pdf', '', '', '2019-10-10 14:28:35'),
(1100, 49, 88, '2019-10-10 14:28:35', '15707177162035911418.pdf', 'SE TELEFONANDO NEK', '', '', '', '', '', 'pdf', '', '', '2019-10-10 14:28:35'),
(1101, 49, 88, '2019-10-10 14:28:35', '15707177161660886563.pdf', 'Sex on fire', '', '', '', '', '', 'pdf', '', '', '2019-10-10 14:28:35'),
(1102, 49, 88, '2019-10-10 14:28:35', '1570717716145104749.pdf', 'Sharp dressed man', '', '', '', '', '', 'pdf', '', '', '2019-10-10 14:28:35'),
(1103, 49, 88, '2019-10-10 14:28:36', '15707177161590065653.doc', 'Should I stay should I go TXT', '', '', '', '', '', 'doc', '', '', '2019-10-10 14:28:36'),
(1104, 49, 88, '2019-10-10 14:28:36', '1570717716766068411.pdf', 'Simple man', '', '', '', '', '', 'pdf', '', '', '2019-10-10 14:28:36'),
(1105, 49, 88, '2019-10-10 14:28:36', '1570717716229636136.doc', 'Sledgehammer TXT', '', '', '', '', '', 'doc', '', '', '2019-10-10 14:28:36'),
(1106, 49, 88, '2019-10-10 14:28:36', '1570717717671578407.pdf', 'Sofia', '', '', '', '', '', 'pdf', '', '', '2019-10-10 14:28:36'),
(1107, 49, 88, '2019-10-10 14:28:37', '1570717717335422637.pdf', 'Sirens', '', '', '', '', '', 'pdf', '', '', '2019-10-10 14:28:37'),
(1108, 49, 88, '2019-10-10 14:28:37', '15707177171091841496.pdf', 'Song 2', '', '', '', '', '', 'pdf', '', '', '2019-10-10 14:28:37'),
(1109, 49, 88, '2019-10-10 14:28:37', '15707177172114912966.pdf', 'Stella stai', '', '', '', '', '', 'pdf', '', '', '2019-10-10 14:28:37'),
(1110, 49, 88, '2019-10-10 14:28:37', '1570717717237574073.pdf', 'Spirit in the sky', '', '', '', '', '', 'pdf', '', '', '2019-10-10 14:28:37'),
(1111, 49, 88, '2019-10-10 14:28:37', '15707177181328981174.pdf', 'SUMMER OF 69 Bryan Adams', '', '', '', '', '', 'pdf', '', '', '2019-10-10 14:28:37'),
(1112, 49, 88, '2019-10-10 14:28:37', '1570717718883255991.pdf', 'Svalutation', '', '', '', '', '', 'pdf', '', '', '2019-10-10 14:28:37'),
(1113, 49, 88, '2019-10-10 14:28:38', '15707177181439812232.pdf', 'Superstition', '', '', '', '', '', 'pdf', '', '', '2019-10-10 14:28:38'),
(1114, 49, 88, '2019-10-10 14:28:38', '1570717719138355532.pdf', 'Sweet home Chicago', '', '', '', '', '', 'pdf', '', '', '2019-10-10 14:28:38'),
(1115, 49, 88, '2019-10-10 14:28:38', '15707177191440493217.pdf', 'Sweet home Alabama', '', '', '', '', '', 'pdf', '', '', '2019-10-10 14:28:38'),
(1116, 49, 88, '2019-10-10 14:28:39', '15707177191558783297.pdf', 'The thrill is gone', '', '', '', '', '', 'pdf', '', '', '2019-10-10 14:28:39'),
(1117, 49, 88, '2019-10-10 14:28:39', '15707177191982863542.pdf', 'Tainted love', '', '', '', '', '', 'pdf', '', '', '2019-10-10 14:28:39'),
(1118, 49, 88, '2019-10-10 14:28:39', '15707177191631429680.doc', 'The wall TXT', '', '', '', '', '', 'doc', '', '', '2019-10-10 14:28:39'),
(1119, 49, 88, '2019-10-10 14:28:39', '1570717720667027128.pdf', 'Tu', '', '', '', '', '', 'pdf', '', '', '2019-10-10 14:28:39'),
(1120, 49, 88, '2019-10-10 14:28:39', '15707177201913919267.pdf', 'UN SENSO', '', '', '', '', '', 'pdf', '', '', '2019-10-10 14:28:39'),
(1121, 49, 88, '2019-10-10 14:28:40', '157071772093383750.pdf', 'Uno su mille', '', '', '', '', '', 'pdf', '', '', '2019-10-10 14:28:40'),
(1122, 49, 88, '2019-10-10 14:28:40', '157071772078486798.pdf', 'Unchain my heart', '', '', '', '', '', 'pdf', '', '', '2019-10-10 14:28:40'),
(1123, 49, 88, '2019-10-10 14:28:41', '15707177211515314153.pdf', 'Use Somebody', '', '', '', '', '', 'pdf', '', '', '2019-10-10 14:28:41'),
(1124, 49, 88, '2019-10-10 14:28:41', '1570717721942288618.pdf', 'Vertigo', '', '', '', '', '', 'pdf', '', '', '2019-10-10 14:28:41'),
(1125, 49, 88, '2019-10-10 14:28:41', '15707177211864199070.pdf', 'Vivo per lei', '', '', '', '', '', 'pdf', '', '', '2019-10-10 14:28:41'),
(1126, 49, 88, '2019-10-10 14:28:41', '15707177221935426720.pdf', 'Volare', '', '', '', '', '', 'pdf', '', '', '2019-10-10 14:28:41'),
(1127, 49, 88, '2019-10-10 14:28:41', '1570717722226791361.doc', 'Walk on TXT', '', '', '', '', '', 'doc', '', '', '2019-10-10 14:28:41'),
(1128, 49, 88, '2019-10-10 14:28:41', '15707177221361624272.doc', 'What a wonderful world TXT', '', '', '', '', '', 'doc', '', '', '2019-10-10 14:28:41'),
(1129, 49, 88, '2019-10-10 14:28:42', '1570717722244375513.pdf', 'What a wonderful world', '', '', '', '', '', 'pdf', '', '', '2019-10-10 14:28:42'),
(1130, 49, 88, '2019-10-10 14:28:42', '1570717722898050209.pdf', 'Wish you were here', '', '', '', '', '', 'pdf', '', '', '2019-10-10 14:28:42'),
(1131, 49, 88, '2019-10-10 14:28:42', '1570717722553128026.doc', 'Wonderwall TXT', '', '', '', '', '', 'doc', '', '', '2019-10-10 14:28:42'),
(1132, 50, 91, '2019-10-30 02:01:12', '15724008721963345273.jpg', 'image', '', '', '', '', '', 'jpg', '', '', '2019-10-30 02:01:12'),
(1133, 41, 70, '2019-10-30 19:25:55', '15724635552077327886.pdf', 'Christ in me arise in F', '', '', '', '', '', 'pdf', '', '', '2019-10-30 19:25:55');

-- --------------------------------------------------------

--
-- Tabellenstruktur für Tabelle `user_files_hidden`
--

CREATE TABLE `user_files_hidden` (
  `id` int(11) NOT NULL,
  `user_id` int(11) NOT NULL,
  `file_id` int(11) NOT NULL,
  `timestamp` timestamp NOT NULL DEFAULT CURRENT_TIMESTAMP
) ENGINE=InnoDB DEFAULT CHARSET=utf8mb4;

--
-- Daten für Tabelle `user_files_hidden`
--

INSERT INTO `user_files_hidden` (`id`, `user_id`, `file_id`, `timestamp`) VALUES
(17, 7, 802, '2019-04-27 20:03:21'),
(19, 7, 806, '2019-04-27 20:05:02'),
(20, 7, 799, '2019-04-27 20:17:53'),
(22, 7, 807, '2019-04-27 20:18:25'),
(27, 15, 804, '2019-04-27 20:28:28'),
(31, 2, 807, '2019-05-16 12:02:56'),
(32, 12, 807, '2019-05-17 17:31:19'),
(33, 2, 844, '2019-05-19 19:19:56'),
(34, 27, 856, '2019-05-20 21:13:38');

-- --------------------------------------------------------

--
-- Tabellenstruktur für Tabelle `user_folder`
--

CREATE TABLE `user_folder` (
  `id` int(11) NOT NULL,
  `year` int(11) NOT NULL,
  `week` int(11) NOT NULL,
  `user_id` int(11) NOT NULL,
  `last_change` timestamp NOT NULL DEFAULT CURRENT_TIMESTAMP
) ENGINE=InnoDB DEFAULT CHARSET=utf8;

--
-- Daten für Tabelle `user_folder`
--

INSERT INTO `user_folder` (`id`, `year`, `week`, `user_id`, `last_change`) VALUES
(17, 2019, 12, 2, '2019-03-21 11:21:34'),
(23, 2019, 15, 15, '2019-04-13 13:36:31'),
(24, 2019, 16, 25, '2019-04-21 14:50:19'),
(25, 2019, 17, 18, '2019-04-22 20:22:45'),
(26, 2019, 17, 27, '2019-04-22 23:32:05'),
(27, 2019, 17, 7, '2019-04-22 23:51:06'),
(28, 2019, 17, 1, '2019-04-26 19:29:52'),
(29, 2019, 20, 12, '2019-05-17 17:31:30'),
(30, 2019, 23, 43, '2019-06-04 17:53:57'),
(31, 2019, 23, 46, '2019-06-07 12:09:36'),
(32, 2019, 24, 28, '2019-06-14 08:14:12'),
(33, 2019, 25, 51, '2019-06-22 13:05:00'),
(34, 2019, 26, 52, '2019-06-24 17:04:16'),
(35, 2019, 28, 59, '2019-07-09 13:33:20'),
(36, 2019, 28, 58, '2019-07-09 17:33:45'),
(37, 2019, 29, 61, '2019-07-14 23:02:50'),
(38, 2019, 29, 62, '2019-07-16 16:09:41'),
(39, 2019, 29, 65, '2019-07-19 06:11:12'),
(40, 2019, 30, 66, '2019-07-23 15:12:02'),
(41, 2019, 32, 70, '2019-08-05 05:10:44'),
(42, 2019, 32, 71, '2019-08-06 01:15:39'),
(43, 2019, 37, 80, '2019-09-10 13:23:41'),
(44, 2019, 37, 34, '2019-09-11 13:30:58'),
(45, 2019, 38, 82, '2019-09-16 01:44:58'),
(46, 2019, 38, 84, '2019-09-22 03:50:38'),
(47, 2019, 39, 44, '2019-09-28 19:15:42'),
(48, 2019, 39, 85, '2019-09-29 15:08:35'),
(49, 2019, 41, 88, '2019-10-10 14:28:12'),
(50, 2019, 44, 91, '2019-10-30 02:01:12');

-- --------------------------------------------------------

--
-- Tabellenstruktur für Tabelle `user_imei`
--

CREATE TABLE `user_imei` (
  `id` int(11) NOT NULL,
  `user_id` int(11) NOT NULL,
  `imei` varchar(255) NOT NULL
) ENGINE=MyISAM DEFAULT CHARSET=utf8;

--
-- Daten für Tabelle `user_imei`
--

INSERT INTO `user_imei` (`id`, `user_id`, `imei`) VALUES
(1911, 4, '554933099016513'),
(1912, 2, '123456789'),
(1913, 6, '178823176514215'),
(1914, 7, '025997754988796'),
(1915, 8, '957050682292394'),
(1916, 9, '924039876746190'),
(1917, 10, '448681299998945'),
(1918, 14, '278457125974474'),
(1919, 12, '155053360290839'),
(1920, 11, '403946460441204'),
(1921, 16, '686169021687508'),
(1922, 17, '819067451258925'),
(1923, 18, '013154097240808'),
(1924, 19, '377272239099765'),
(1925, 20, '890913971011546'),
(1926, 21, '134018509338340'),
(1927, 22, '236371751789844'),
(1928, 23, '251726027573886'),
(1929, 24, '761554286081695'),
(1930, 25, '235829987387486'),
(1931, 26, '252638132111222'),
(1932, 27, '324782845813700'),
(1933, 28, '488820071395935'),
(1934, 29, '518583988201588'),
(1935, 30, '813124804299795'),
(1936, 31, '538001775124414'),
(1937, 32, '730788492602534'),
(1938, 34, '592736003609685'),
(1939, 37, '578912815574817'),
(1940, 43, '895477184034369'),
(1941, 44, '626340368426262'),
(1942, 46, '573679121841850'),
(1943, 51, '092064134426316'),
(1944, 52, '251822053102037'),
(1945, 58, '995080951456937'),
(1946, 59, '766295199340225'),
(1947, 60, '597383446492513'),
(1948, 61, '008814453900736'),
(1949, 62, '613637970879423'),
(1950, 65, '606762730057000'),
(1951, 66, '809497806472727'),
(1952, 68, '398971349989170'),
(1953, 70, '045386454821133'),
(1954, 71, '866730469923127'),
(1955, 72, '257183514027444'),
(1956, 73, '769537142200486'),
(1957, 74, '026545059959837'),
(1958, 76, '951526156633581'),
(1959, 79, '552507348204856'),
(1960, 80, '981044015724637'),
(1961, 82, '821548100647358'),
(1962, 83, '307312903259223'),
(1963, 84, '108474726875683'),
(1964, 85, '465565728977802'),
(1965, 87, '770419193686268'),
(1966, 88, '467607748966072'),
(1967, 89, '629010044319242'),
(1968, 91, '537019692515523');

-- --------------------------------------------------------

--
-- Tabellenstruktur für Tabelle `user_profile_pic`
--

CREATE TABLE `user_profile_pic` (
  `id` int(11) NOT NULL,
  `year` int(11) NOT NULL,
  `week` int(11) NOT NULL,
  `code` text NOT NULL,
  `last_change` timestamp NOT NULL DEFAULT CURRENT_TIMESTAMP ON UPDATE CURRENT_TIMESTAMP,
  `user_id` int(11) NOT NULL
) ENGINE=InnoDB DEFAULT CHARSET=utf8mb4;

--
-- Daten für Tabelle `user_profile_pic`
--

INSERT INTO `user_profile_pic` (`id`, `year`, `week`, `code`, `last_change`, `user_id`) VALUES
(6, 2019, 16, 'img20190426000616.png', '2019-04-25 22:06:16', 15),
(7, 2019, 16, 'img20190419174346.png', '2019-04-19 15:43:46', 12),
(8, 2019, 16, 'img20190419174551.png', '2019-04-19 15:45:51', 11),
(9, 2019, 16, 'img20190419175710.png', '2019-04-19 15:57:10', 18),
(10, 2019, 16, 'img20190419175937.png', '2019-04-19 15:59:37', 19),
(12, 2019, 16, 'img20190419182457.png', '2019-04-19 16:24:57', 20),
(13, 2019, 16, 'img20190420144750.png', '2019-04-20 12:47:50', 14),
(14, 2019, 16, 'img20190429185924.png', '2019-04-29 16:59:24', 2),
(16, 2019, 17, 'img20190423011415.png', '2019-04-22 23:14:15', 7),
(17, 2019, 17, 'img20190423012814.png', '2019-04-22 23:28:14', 27),
(18, 2019, 17, 'img20190423152937.png', '2019-04-23 13:29:37', 28),
(20, 2019, 17, 'img20190427162216.png', '2019-04-27 14:22:16', 32),
(24, 2019, 19, 'img20190510001224.png', '2019-05-09 22:12:24', 25),
(25, 2019, 29, 'img20190716221154.png', '2019-07-16 20:11:54', 62),
(26, 2019, 35, 'img20190828031338.png', '2019-08-28 01:13:38', 76),
(27, 2019, 37, 'img20190911152254.png', '2019-09-11 13:22:54', 34);


--
-- Tabellenstruktur für Tabelle `wp_users`
--

CREATE TABLE `wp_users` (
  `ID` bigint(20) UNSIGNED NOT NULL,
  `user_login` varchar(60) COLLATE utf8mb4_unicode_520_ci NOT NULL DEFAULT '',
  `user_pass` varchar(255) COLLATE utf8mb4_unicode_520_ci NOT NULL DEFAULT '',
  `user_nicename` varchar(50) COLLATE utf8mb4_unicode_520_ci NOT NULL DEFAULT '',
  `user_email` varchar(100) COLLATE utf8mb4_unicode_520_ci NOT NULL DEFAULT '',
  `user_url` varchar(100) COLLATE utf8mb4_unicode_520_ci NOT NULL DEFAULT '',
  `user_registered` datetime NOT NULL DEFAULT '0000-00-00 00:00:00',
  `user_activation_key` varchar(255) COLLATE utf8mb4_unicode_520_ci NOT NULL DEFAULT '',
  `user_status` int(11) NOT NULL DEFAULT '0',
  `display_name` varchar(250) COLLATE utf8mb4_unicode_520_ci NOT NULL DEFAULT '',
  `user_firstname` text COLLATE utf8mb4_unicode_520_ci NOT NULL,
  `user_lastname` text COLLATE utf8mb4_unicode_520_ci NOT NULL,
  `postal_code` text COLLATE utf8mb4_unicode_520_ci NOT NULL,
  `city` text COLLATE utf8mb4_unicode_520_ci NOT NULL,
  `country_code` text COLLATE utf8mb4_unicode_520_ci NOT NULL,
  `country` text COLLATE utf8mb4_unicode_520_ci NOT NULL
) ENGINE=InnoDB DEFAULT CHARSET=utf8mb4 COLLATE=utf8mb4_unicode_520_ci;

--
-- Daten für Tabelle `wp_users`
--

INSERT INTO `wp_users` (`ID`, `user_login`, `user_pass`, `user_nicename`, `user_email`, `user_url`, `user_registered`, `user_activation_key`, `user_status`, `display_name`, `user_firstname`, `user_lastname`, `postal_code`, `city`, `country_code`, `country`) VALUES
(1, 'SonganizeAdmin', '$P$B50fMfwvS9.Rl8Mx1M9PUna8PSlMNw.', 'songanizeadmin', 'webmaster@songanize.com', '', '2018-10-21 12:39:01', '', 0, 'SonganizeAdmin', 'Songanize', 'Admin', '', '', '', ''),
(2, 'demo', '$P$BlXirkOHyUTsCFg7EUOyr1LlaCPGQE.', 'demo', 'info@songanize.com', 'http://songanize.com', '2019-03-19 18:14:21', '', 0, 'demo', 'Susanna', 'Mountaintop', '', '', '', ''),
(7, 'alex', '$P$B6MUDHvldMHxXH46a/VhfYFtmHVZRU.', 'alex', 'Agmelin12@gmail.com', '', '2019-03-22 16:15:15', '', 0, 'alex', 'Alex', 'Gmelin', '', '', '', ''),
(12, 'Tom', '$P$BiCJDPQxhLBWWGL06isujLzT4ESZxm1', 'tom', 'wompfapfa@gmx.de', '', '2019-04-12 20:09:22', '', 0, 'Tom', 'Tom', 'Baker', '', '', '', ''),
(15, 'PatrickSeastar', '$P$BiCJDPQxhLBWWGL06isujLzT4ESZxm1', 'patrickseastar', 'fairytail_16@gmx.de', '', '2019-04-12 20:25:11', '', 0, 'PatrickSeastar', 'Patrick', 'Forester', '', '', '', ''),
(16, 'huschpel', '$P$BFi1StwsSgojor9TzSaqTifgqXZLw/0', 'huschpel', 'bbergdolt@gmx.de', '', '2019-04-13 16:23:59', '', 0, 'huschpel', 'Betina', 'Bergdolt', '63225', 'Langen', 'DE', 'Germany'),
(17, 'Kus', '$P$Bh1h7.jkcxYCpygb50b/q2sCAMq15r0', 'kus', 'Kussoftware01@gmail.com', '', '2019-04-17 09:23:47', '', 0, 'Kus', 'Deepak', 'Singh', '', '', '', ''),
(18, 'Bandmate', '$P$BJdzvuYjPMlYLotILoW68L/Ga0atnx1', 'bandmate', 'bandmate@songanize.com', '', '2019-04-19 15:55:30', '', 0, 'Bandmate', 'Ben', 'Acton', '', '', '', ''),
(19, 'Joy', '$P$BaityETsfJRRcwD4xPuimGI4hkKqf8.', 'joy', 'joy@songanize.com', '', '2019-04-19 15:58:29', '', 0, 'Joy', 'Joy', 'Franklin', '', '', '', ''),
(20, 'Neil', '$P$BgVRrER50cdimXMLlkVzazBdegCStV.', 'neil', 'neil@songanize.com', '', '2019-04-19 16:00:20', '', 0, 'Neil', 'Neil', 'Perry', '', '', '', ''),
(25, 'Sarah', '$P$B/Wty8ShFY6St.6bMVOlmAXb8vg1i3/', 'sarah', 'sarah.gmelin@gmx.de', '', '2019-04-20 16:08:34', '', 0, 'Sarah', 'Sarah', 'Gmelin', '', '', '', ''),
(26, 'SBergdolt', '$P$BPL5vl181Aago9lsgSVqE9bohyjHz10', 'sbergdolt', 'sbergdolt@gmail.com', '', '2019-04-22 17:25:14', '', 0, 'SBergdolt', 'Susanne', 'Bergdolt', '', '', '', ''),
(27, 'Ally', '$P$BsJwJlXcbWEfV9jbJxC.7Zq0ahUs./.', 'ally', '99ally@gmx.de', '', '2019-04-22 19:20:54', '', 0, 'Ally', 'Ally', 'Smith', '', '', '', ''),
(28, 'Jaynatic', '$P$BllPL3ZEy7egRx0c6SA.lzZlQe1UAU.', 'jaynatic', 'johannes.bergdolt@gmx.de', '', '2019-04-23 13:27:55', '', 0, 'Jaynatic', 'Johannes', 'Bergdolt', '63225', 'Langen', 'DE', 'Germany'),
(29, 'Canigou', '$P$BW/MsVG76atkaPsgpkhGw2S.8jXY/z1', 'canigou', 'Jonathanstentzel@yahoo.de', '', '2019-04-23 13:37:39', '', 0, 'Canigou', 'Stentzel', 'Jonathan ', '65929', 'Frankfurt am Main', 'DE', 'Germany'),
(30, 'Alicera', '$P$BjpEScjwCtfErq9VYzX8t.pe4TQNQV0', 'alicera', 'diemitdemblub@gmail.com', '', '2019-04-23 14:31:18', '', 0, 'Alicera', 'Alice', 'Ratajczak', '60437', 'Frankfurt am Main', 'DE', 'Germany'),
(31, 'Nils', '$P$BoJ1CnmEZeAKhwCEDfFJ2AuTdpX/2/.', 'nils', 'n.gmelin12@gmx.de', '', '2019-04-25 12:05:35', '', 0, 'Nils', 'Nils', 'Gmelin', '71706', 'Markgroeningen', 'DE', 'Germany'),
(32, 'Esther', '$P$BJkNRDT.jvEQwhm9QHy/EPhgbP5.e00', 'esther', 'kristina.dietz@gmail.com', '', '2019-04-27 14:05:18', '', 0, 'Esther', 'Kristina', 'Dietz', '60528', 'Frankfurt am Main', 'DE', 'Germany'),
(34, 'Sabine', '$P$B5eHLaovcdz4HpHWYxXEwwuS3DhKxo0', 'Sabine', 'Jajade@gmx.de', '', '2019-05-14 11:13:46', '', 0, 'Sabine', 'Sabine', 'A. ', '63225', 'Langen', 'DE', 'Germany'),
(41, 'MusicLife518', '$P$BGeV0pCvHgADkwyp0KYNyeoOqRAEYg/', 'musiclife518', 'emberbrock8@gmail.com', '', '2019-05-28 02:55:15', '', 0, 'MusicLife518', 'Ember', 'Brock', '84124', 'Salt Lake City', 'US', 'USA'),
(43, 'Vburnham', '$P$Bmu0sFjueJv2iq87ZCcYhiquWH1qNJ/', 'vburnham', 'valbevis@gmail.com', '', '2019-06-04 17:36:35', '', 0, 'Vburnham', 'Valissa', 'Burnham', '32583', 'Milton', 'US', 'USA'),
(44, 'Florian', '$P$BZeAhVUUSvIvdvmUoUVM26urlfJa7L0', 'florian', '4florian.berger@gmail.com', '', '2019-06-06 09:10:01', '', 0, 'Florian', 'Florian', 'Berger', '67067', 'Ludwigshafen am Rhei', 'DE', 'Germany'),
(45, 'Tim', '$P$Bd/FXFI./1utjcgTHZkrBTcCdPqUee.', 'tim', 'Timsmuell@web.de', '', '2019-06-06 17:07:14', '', 0, 'Tim', 'Tim', 'Groldebt', '97422', 'Schweinfurt', 'DE', 'Germany'),
(46, 'Joseph', '$P$BHeJnUIuhZT/7QzgZTdse/br1Cj4F61', 'joseph', 'Maybe.monday@yahoo.com', '', '2019-06-07 12:07:01', '', 0, 'Joseph', 'Tabla', 'Rasa', '10014', 'New York City', 'US', 'USA'),
(48, 'Kayden09', '$P$BysQ0yNa3WCx453e5.VxG6uq9SyorL/', 'kayden09', 'Dipdatride@yahoo.com', '', '2019-06-07 19:08:51', '', 0, 'Kayden09', 'Jay', 'Man', '27295', 'Lexington', 'US', 'USA'),
(51, 'tomassundal', '$P$B29AXOy5SC3nVZI78OMgce8/Mw4HjG1', 'tomassundal', 'tomassundal@gmail.com', '', '2019-06-22 13:02:17', '', 0, 'tomassundal', 'Tomas', 'Selvik Undal', '', '', '', ''),
(52, 'RLorist', '$P$BVFfP6y5GIbKxYuce1kzVApygh5/FA.', 'rlorist', 'r.a.w.lorist@home.nl', '', '2019-06-24 17:02:36', '', 0, 'RLorist', 'René ', 'Lorist', '', 'Enschede', 'NL', 'Netherlands'),
(58, '1shlopez', '$P$B8qT83XjjGGpDLJEgcZjMYpvoUjeoE0', '1shlopez', 'sylviahdzlopez@gmail.com', '', '2019-07-09 02:27:22', '', 0, '1shlopez', 'Sylvia', 'Lopez', '79714', 'Andrews', 'US', 'United States'),
(59, 'JulzC', '$P$BWG6XPrN2lXwTVbAIgGJ43WPcqOeAs/', 'julzc', 'Julz.bates@gmail.com', '', '2019-07-09 13:26:28', '', 0, 'JulzC', 'Julie ', 'Cook', '4228', 'Tallebudgera', 'AU', 'Australia'),
(61, 'Melvan9', '$P$BqV/30BthchqWp9kHsjR0S6GD8JalO/', 'melvan9', 'Melvan9@comcast.net', '', '2019-07-14 22:57:34', '', 0, 'Melvan9', 'Melvin', 'Taub', '20737', 'Riverdale Park', 'US', 'United States'),
(62, 'DirtyJackHFX', '$P$BRKmZwwfC1SGrP.NC1Up2H.pyx910x1', 'dirtyjackhfx', 'crosbyvillehockey@gmail.com', '', '2019-07-16 16:05:17', '', 0, 'DirtyJackHFX', 'Mark', 'Fraser', 'B4N', 'Kentville', 'CA', 'Canada'),
(63, 'Crosbyville', '$P$Ba7YoMih6ZEKOqg4w8wzIlb18UySYp/', 'crosbyville', 'crosbyvillehockey@outlook.com', '', '2019-07-16 16:06:49', '', 0, 'Crosbyville', 'Mark', 'Fraser', 'B4N', 'Kentville', 'CA', 'Canada'),
(64, '01Test', '$P$B.T7ni.NfB.swIMKssKxxs4AAaRb620', '01test', 's.gmelin@vidawell.de', '', '2019-07-17 13:16:06', '', 0, '01Test', 'Sarah', 'Gmelin', '74918', 'Angelbachtal', 'DE', 'Germany'),
(65, 'JoB', '$P$B1j.b05UHtzi/5yvZ84mobjDYhzqMS/', 'job', 'jonathan.baumann@outlook.de', '', '2019-07-19 06:07:34', '', 0, 'JoB', 'Jonathan', 'Baumann', '63571', 'Gelnhausen', 'DE', 'Germany'),
(66, 'Greybeard', '$P$BhjPlwuME3pPlYN4vYyMa3pLp0A1580', 'greybeard', 'alex.w.mackenzie@btopenworld.com', '', '2019-07-23 15:06:23', '', 0, 'Greybeard', 'Alex', 'Mackenzie', 'PH10', 'Blairgowrie', 'GB', 'United Kingdom'),
(67, 'Sendsdesr', '$P$BxP92cGplphGj8Is/PtruJ887modPB/', 'sendsdesr', 'l8ghenry@gmx.com', '', '2019-07-26 02:43:41', '', 0, 'Sendsdesr', 'SendsdesrSU', 'SendsdesrSU', '79049', 'Lviv', 'UA', 'Ukraine'),
(68, 'Glamdring', '$P$Bn6DG7mKlEIB95nM01G7HL2szrcVOP0', 'glamdring', 'glenn.grover@gmail.com', '', '2019-07-29 12:18:28', '', 0, 'Glamdring', 'Glenn', 'Grover', '02139', 'Cambridge', 'US', 'United States'),
(69, 'Hessa', '$P$BOcl/iIivudNsSEXj83A3gM8iwkmVv1', 'hessa', 'hshkhlfan@gmail.com', '', '2019-08-03 09:24:33', '', 0, 'Hessa', 'Hessa', 'Khalfan', 'undefined', 'Ras al-Khaimah', 'AE', 'United Arab Emirates'),
(70, 'philippjenni', '$P$BxXqV4fDwkJ9Z5CW26B52l.DxgMMWA/', 'philippjenni', 'philippjennipub+songanize@gmail.com', '', '2019-08-05 01:58:10', '', 0, 'philippjenni', 'Philipp', 'Jenni', '6440', 'Ingenbohl', 'CH', 'Switzerland'),
(71, 'Goretti', '$P$BZUp7khaledme78kuME4e5lAb6ckiN0', 'goretti', 'ghansen1729@gmail.com', '', '2019-08-06 01:13:32', '', 0, 'Goretti', 'Goretti', 'Hansen', 'V8G', 'Terrace', 'CA', 'Canada'),
(72, 'Frans', '$P$BTAd9thvnLRvScdZanKmQivUc42Lg5/', 'frans', 'dayufuchida@gmail.com', '', '2019-08-07 01:18:38', '', 0, 'Frans', 'Rudyanto', 'Fransiskus', 'undefined', 'Surabaya', 'ID', 'Indonesia'),
(73, 'Kairo', '$P$BDHj7y62wQLOgswPfRBH7I4tiOm2KW.', 'kairo', 'kairoaguilar206@icloud.com', '', '2019-08-12 20:21:16', '', 0, 'Kairo', 'Kairo', 'Aguilar', '98032', 'Kent', 'US', 'United States'),
(74, 'Ampchurch', '$P$BsYN3IJI0SIfREfGM3sYhxyseFGap61', 'ampchurch', 'Melindaalcantar27@gmail.com', '', '2019-08-20 20:08:16', '1566332352:$P$BlD4F1xxeX9BN6nBoIqALi4cWJShXO0', 0, 'Ampchurch', 'Melinda', 'Alcantar', '77065', 'Houston', 'US', 'United States'),
(76, 'Willkersong', '$P$Boox/M/ylFFR1rOj48C5XRjAJKPmdX0', 'Willkersong', 'willkersong@gmail.com', '', '2019-08-28 01:10:53', '', 0, 'Willkersong', 'Will', 'Galvao', '07206', 'Elizabethport', 'US', 'United States'),
(79, 'Piyush', '$P$B7Z8DULX0TzQab3J636q4uLkviO9TR0', 'piyush', 'Piyushkunwar28@gmail.com', '', '2019-09-09 14:48:00', '', 0, 'Piyush', 'Pi', 'Kun', 'undefined', 'Kathmandu', 'NP', 'Nepal'),
(80, 'GhostBrigade', '$P$BilbKTYNV87bHhwsufyWsH0JrUX5z8.', 'ghostbrigade', 'Fitz.r79@gmail.com', '', '2019-09-10 13:01:17', '', 0, 'GhostBrigade', 'Ryan ', 'Fitzpatrick ', '08054', 'Mount Laurel', 'US', 'United States'),
(81, 'Chris', '$P$BOxzbpg7z9Bs85yBDeZ1gCkj.Lqa3j/', 'chris', 'Crichardsterry@gmail.com', '', '2019-09-11 21:10:15', '', 0, 'Chris', 'Chris', 'Richards', 'undefined', 'Bridgetown', 'BB', 'Barbados'),
(82, 'Rich', '$P$BkONFfFGyt4c29RvfnVCEerDMVE1YV.', 'rich', 'Rich@siblingtunes.com', '', '2019-09-16 01:43:24', '', 0, 'Rich', 'Rich', 'Wilkinson', '20105', 'Aldie', 'US', 'United States'),
(83, 'Trollmusic', '$P$BYtjkBLTfIyAtRIuuV6/0gvsI7YfVc1', 'trollmusic', 'jinkinsons@gmail.com', '', '2019-09-16 11:39:13', '', 0, 'Trollmusic', 'Sherrie ', 'Wilson ', '59101', 'Billings', 'US', 'United States'),
(84, 'Jakob', '$P$BqTxPs1jveG2s5Jg7bW.J30uYWe2JR1', 'jakob', 'dejan.glisovic@gmail.com', '', '2019-09-22 03:46:12', '', 0, 'Jakob', 'Jakob', 'Jerich', '60540', 'Naperville', 'US', 'United States'),
(85, 'hb', '$P$Bw1ks7ei1SHBaaeGxkuRk3eH4L9amb/', 'hb', 'lumpydog831@gmail.com', '', '2019-09-29 15:02:25', '', 0, 'hb', 'Heidi', 'Beckett', 'IP2', 'Ipswich', 'GB', 'United Kingdom'),
(86, 'Seriesuql', '$P$BrWvjySWFoY9qroFmQ5KwBJrNtDnSC/', 'seriesuql', 'reglistthinsae@gmail.com', '', '2019-09-30 05:31:04', '', 0, 'Seriesuql', 'ZwusafmejthyxhfGP', 'ZwusaymeknoqdetGP', 'MD-2000', 'Chisinau', 'MD', 'Republic of Moldova'),
(87, 'LG', '$P$BUt3YXSRc.IpOEZ5UpP79Qes2QsJd//', 'lg', 'luisa.gmelin@gmx.de', '', '2019-10-03 09:53:17', '', 0, 'LG', 'Luisa', 'Gmelin', '74395', 'Mundelsheim', 'DE', 'Germany'),
(88, 'Dorianus', '$P$Bq./b3Xwx7.eU0Ut4ZADqx8XBMfO0Q/', 'dorianus', 'Dorianus@hotmail.com', '', '2019-10-10 13:17:45', '', 0, 'Dorianus', 'Carlo', 'Nadalini ', '30027', 'San Donà di Piave', 'IT', 'Italy'),
(89, 'GSmygle', '$P$BLERg4pjtGVrBc0AQjHc.VBXcq8fyu0', 'gsmygle', 'gregsbolton@gmail.com', '', '2019-10-13 02:05:37', '', 0, 'GSmygle', 'Greg', 'Bolton', 'K8V', 'Trenton', 'CA', 'Canada'),
(90, 'MLE2019', '$P$B2G8EA73LOxJmFDjWv4EL4H9P9Syd4/', 'mle2019', 'Masterliveevent@yahoo.com', '', '2019-10-30 01:54:56', '', 0, 'MLE2019', 'Gilbert', 'Takaloo', '95120', 'San Jose', 'US', 'United States'),
(91, 'Mle-2019', '$P$BhUC7MBWm2dwQsj.ZUDLv5PTDZOk4K.', 'mle-2019', 'Masterliveevent@gmail.com', '', '2019-10-30 02:00:07', '', 0, 'Mle-2019', 'Gilbert', 'Takaloo', '95120', 'San Jose', 'US', 'United States');

-- --------------------------------------------------------

--
-- Indizes der exportierten Tabellen
--

--
-- Indizes für die Tabelle `access_relations`
--
ALTER TABLE `access_relations`
  ADD PRIMARY KEY (`id`);

--
-- Indizes für die Tabelle `groups`
--
ALTER TABLE `groups`
  ADD PRIMARY KEY (`id`);

--
-- Indizes für die Tabelle `groups_users`
--
ALTER TABLE `groups_users`
  ADD PRIMARY KEY (`id`);

--
-- Indizes für die Tabelle `social_share`
--
ALTER TABLE `social_share`
  ADD PRIMARY KEY (`id`);

--
-- Indizes für die Tabelle `song_groups`
--
ALTER TABLE `song_groups`
  ADD PRIMARY KEY (`id`);

--
-- Indizes für die Tabelle `user_app`
--
ALTER TABLE `user_app`
  ADD PRIMARY KEY (`id`);

--
-- Indizes für die Tabelle `user_files`
--
ALTER TABLE `user_files`
  ADD PRIMARY KEY (`id`);

--
-- Indizes für die Tabelle `user_files_hidden`
--
ALTER TABLE `user_files_hidden`
  ADD PRIMARY KEY (`id`);

--
-- Indizes für die Tabelle `user_folder`
--
ALTER TABLE `user_folder`
  ADD PRIMARY KEY (`id`),
  ADD UNIQUE KEY `id` (`id`);

--
-- Indizes für die Tabelle `user_imei`
--
ALTER TABLE `user_imei`
  ADD PRIMARY KEY (`id`);

--
-- Indizes für die Tabelle `user_profile_pic`
--
ALTER TABLE `user_profile_pic`
  ADD UNIQUE KEY `id` (`id`);

--
-- Indizes für die Tabelle `wp_users`
--
ALTER TABLE `wp_users`
  ADD PRIMARY KEY (`ID`),
  ADD KEY `user_login_key` (`user_login`),
  ADD KEY `user_nicename` (`user_nicename`),
  ADD KEY `user_email` (`user_email`);

--
-- AUTO_INCREMENT für exportierte Tabellen
--

--
-- AUTO_INCREMENT für Tabelle `access_relations`
--
ALTER TABLE `access_relations`
  MODIFY `id` int(11) NOT NULL AUTO_INCREMENT, AUTO_INCREMENT=194;
--
-- AUTO_INCREMENT für Tabelle `groups`
--
ALTER TABLE `groups`
  MODIFY `id` int(11) NOT NULL AUTO_INCREMENT, AUTO_INCREMENT=40;
--
-- AUTO_INCREMENT für Tabelle `groups_users`
--
ALTER TABLE `groups_users`
  MODIFY `id` int(11) NOT NULL AUTO_INCREMENT, AUTO_INCREMENT=90;
--
-- AUTO_INCREMENT für Tabelle `social_share`
--
ALTER TABLE `social_share`
  MODIFY `id` int(11) NOT NULL AUTO_INCREMENT, AUTO_INCREMENT=19;
--
-- AUTO_INCREMENT für Tabelle `song_groups`
--
ALTER TABLE `song_groups`
  MODIFY `id` int(11) NOT NULL AUTO_INCREMENT, AUTO_INCREMENT=41;
--
-- AUTO_INCREMENT für Tabelle `user_app`
--
ALTER TABLE `user_app`
  MODIFY `id` int(11) NOT NULL AUTO_INCREMENT, AUTO_INCREMENT=1967;
--
-- AUTO_INCREMENT für Tabelle `user_files`
--
ALTER TABLE `user_files`
  MODIFY `id` int(11) NOT NULL AUTO_INCREMENT, AUTO_INCREMENT=1134;
--
-- AUTO_INCREMENT für Tabelle `user_files_hidden`
--
ALTER TABLE `user_files_hidden`
  MODIFY `id` int(11) NOT NULL AUTO_INCREMENT, AUTO_INCREMENT=37;
--
-- AUTO_INCREMENT für Tabelle `user_folder`
--
ALTER TABLE `user_folder`
  MODIFY `id` int(11) NOT NULL AUTO_INCREMENT, AUTO_INCREMENT=51;
--
-- AUTO_INCREMENT für Tabelle `user_imei`
--
ALTER TABLE `user_imei`
  MODIFY `id` int(11) NOT NULL AUTO_INCREMENT, AUTO_INCREMENT=1969;
--
-- AUTO_INCREMENT für Tabelle `user_profile_pic`
--
ALTER TABLE `user_profile_pic`
  MODIFY `id` int(11) NOT NULL AUTO_INCREMENT, AUTO_INCREMENT=28;
--
-- AUTO_INCREMENT für Tabelle `wp_users`
--
ALTER TABLE `wp_users`
  MODIFY `ID` bigint(20) UNSIGNED NOT NULL AUTO_INCREMENT, AUTO_INCREMENT=92;